SiteID,SiteCode,SiteName,CT,ST,EPACode,Lat,Lon,Elev,Start,End
14811,010550010,Gadsden C. College (#3),US,AL,010550010,33.99,-85.99,50,01/01/15,07/31/18
12150,010730023,North Birmingham (#3),US,AL,010730023,33.55,-86.81,177,07/13/01,12/31/11
12150,010730023,North Birmingham (#4),US,AL,010730023,33.55,-86.81,177,03/01/05,06/30/06
12042,010731005,Mcadory (#3),US,AL,010731005,33.33,-87,163,07/16/01,09/30/18
23155,010731009,1801 Bruce Shaw Road (#3),US,AL,010731009,33.46,-87.31,226,07/19/01,12/31/12
23630,010731010,Leeds (#3),US,AL,010731010,33.55,-86.55,195,01/01/04,09/30/18
11690,010732003,Wylam (#3),US,AL,010732003,33.5,-86.92,191,07/13/01,09/30/18
11691,010732006,Hoover (#3),US,AL,010732006,33.39,-86.82,180,07/25/01,09/30/18
15803,010735002,"Pinson, High Sch., Box 360 Hwy 75 North (#3)",US,AL,010735002,33.7,-86.67,204,07/17/01,12/31/12
23172,010735003,Corner (#3),US,AL,010735003,33.8,-86.94,212,07/18/01,09/30/18
15832,010890014,Huntsville Old Airport (#3),US,AL,010890014,34.69,-86.59,183,01/01/18,06/30/18
15471,010970003,Chickasaw (#3),US,AL,010970003,30.77,-88.09,11,01/01/15,08/31/18
11568,011011002,"Moms, Adem (#3)",US,AL,011011002,32.41,-86.26,76,01/01/15,08/31/18
11574,011030011,"Decatur, Alabama (#3)",US,AL,011030011,34.53,-86.97,174,01/01/15,08/31/18
11582,011130001,Phenix City,US,AL,011130001,32.47,-85.01,74,05/20/16,09/16/16
11582,011130001,Phenix City (#3),US,AL,011130001,32.47,-85.01,74,01/01/15,12/18/15
101298,011130003,Phenix City - South Girard School (#3),US,AL,011130003,32.44,-85,25,09/18/17,08/31/18
98216,011190003,"Ward, Sumter Co. (#3)",US,AL,011190003,32.36,-88.28,64,01/01/15,08/31/18
23173,011250004,"Va, Tuscaloosa (#3)",US,AL,011250004,33.19,-87.48,128,01/01/15,04/30/18
16326,020900010,State Office Building (#3),US,AK,020900010,64.84,-147.72,132,01/01/06,04/10/13
97953,020900033,North Pole Elementary School (#3),US,AK,020900033,64.75,-147.35,146,04/01/12,04/02/13
97954,020900034,Ncore (#3),US,AK,020900034,64.85,-147.73,132,02/15/11,12/31/17
97955,020900035,North Pole Fire Station #3 (#3),US,AK,020900035,64.76,-147.31,145,01/01/13,12/31/17
100883,020900039,"North Pole Water/2696 Mockler Ave, North Pole A...",US,AK,020900039,64.76,-147.37,555,10/01/14,03/31/15
100917,020904001,Watershed Charter School (#3),US,AK,020904001,64.83,-147.87,137,03/01/13,12/31/15
100915,020904002,N-Core Ams (#3),US,AK,020904002,64.85,-147.73,103,05/29/09,09/24/09
100896,020904003,Wood River Elementary School (#3),US,AK,020904003,64.84,-147.87,145,03/25/09,03/31/11
100884,020904004,Riverboat Discovery (#3),US,AK,020904004,64.83,-147.87,145,01/18/13,03/01/13
100887,020904005,Watershed Charter School (#3),US,AK,020904005,64.83,-147.87,449,11/13/09,10/31/14
100900,020904006,"Hamilton Acres Baptist School / 311 B St., Fair...",US,AK,020904006,64.85,-147.68,555,10/10/14,03/31/15
100889,020904007,Faith Baptist School (#3),US,AK,020904007,64.83,-147.89,137,10/01/14,11/20/14
100947,020904008,Artisans (#3),US,AK,020904008,64.86,-147.79,133,01/07/16,03/31/16
100968,020904009,Chena Pump Road-Simplex Grinnell/1005 Chena Pum...,US,AK,020904009,64.82,-147.9,137,01/13/16,02/18/16
100893,020904010,Colloocated With Monitoring Next To Peger Rd Us...,US,AK,020904010,64.82,-147.78,137,10/09/08,11/04/08
100903,020904012,"Fnsb Landfill \ 455 Sanduri St, Fairbanks, Ak 9...",US,AK,020904012,64.81,-147.7,147,11/06/08,12/05/08
100906,020904013,Uaf Farm-Usda Field Building (#3),US,AK,020904013,64.85,-147.86,137,01/20/09,03/19/09
100920,020904014,Fnsb Maintenance Building (#3),US,AK,020904014,64.85,-147.77,137,02/17/10,04/01/10
100885,020905001,Newby Park (#3),US,AK,020905001,64.74,-147.29,151,10/15/13,03/31/15
100895,020905002,North Pole Christian School (#3),US,AK,020905002,64.78,-147.36,144,02/13/14,03/31/14
100919,020905004,"Ticasuk Brownelementary/ 785 Lakloey Dr, North ...",US,AK,020905004,64.83,-147.53,143,11/18/15,12/29/15
100911,020905005,"Bright Electric/1410 Old Richardson Hwy, North ...",US,AK,020905005,64.8,-147.56,142,02/18/15,04/01/15
100888,020905006,Rams Trailer North Star Fire Station #2 (#3),US,AK,020905006,64.81,-147.54,142,10/05/15,11/18/15
100918,020905007,Eielson Afb Clinic/354Th Medical Group; 2630 Ce...,US,AK,020905007,64.67,-147.08,165,06/26/15,08/14/15
100907,020905008,North Pole Pump Station (#3),US,AK,020905008,64.75,-147.35,555,01/07/15,02/18/15
100892,020905009,"North Pole Water 5 / 171 5Th Ave, North Pole Ak...",US,AK,020905009,64.75,-147.34,555,10/02/15,12/30/15
100916,020905010,North Pole Dixon Road (#3),US,AK,020905010,64.78,-147.33,145,11/20/14,12/31/14
100955,020905011,Badger Road Elementary/ Bres (#3),US,AK,020905011,64.8,-147.41,149,02/18/16,03/31/16
100937,020905012,Np Water Stillmeyer (#3),US,AK,020905012,64.75,-147.35,148,01/05/16,03/31/16
23414,040191030,Green Valley  -Replaces Site 0007 245 W Esperan...,US,AZ,040191030,31.88,-111,0,01/01/18,09/30/18
23415,040191032,Rose Elementary (#3),US,AZ,040191032,32.17,-110.98,728,01/02/18,09/30/18
23416,040191034,Coachline (#3),US,AZ,040191034,32.38,-111.13,679,01/01/18,09/30/18
23417,040191113,Geronimo (#3),US,AZ,040191113,32.25,-110.97,747,01/01/18,09/30/18
25707,050350005,Marion (#3),US,AR,050350005,35.2,-90.19,67,01/01/17,09/30/18
16137,051190007,Parr (#3),US,AR,051190007,34.76,-92.28,80,01/01/11,09/30/18
15690,051191008,Doyle Springs Road (#3),US,AR,051191008,34.68,-92.33,0,01/01/17,09/30/18
15410,051390006,El Dorado (#3),US,AR,051390006,33.22,-92.67,55,01/01/17,09/30/18
27004,051430005,Springdale (#3),US,AR,051430005,36.18,-94.12,1,01/01/17,09/30/18
17655,060010007,Livermore,US,CA,060010007,37.69,-121.78,137,01/01/04,09/08/10
42035,060010011,Oakland West,US,CA,060010011,37.81,-122.28,0,02/25/09,12/11/12
39439,060012004,Berkeley,US,CA,060012004,37.88,-122.3,6,12/13/07,12/31/10
97962,060070008,Chico-East Avenue (#3),US,CA,060070008,39.76,-121.84,1,08/05/12,06/30/18
97962,060070008,Chico-East Avenue (#4),US,CA,060070008,39.76,-121.84,1,08/05/12,09/24/14
77284,060072002,Paradise - Theater (#3),US,CA,060072002,39.78,-121.59,534,09/09/10,06/30/18
23422,060074001,"Traffic, Rural Paved Road (#3)",US,CA,060074001,39.33,-121.67,0,01/01/01,06/30/18
14930,060111002,Colusa-Sunrise Blvd (#3),US,CA,060111002,39.19,-122,17,10/12/04,06/30/18
59997,060192008,Huron (#3),US,CA,060192008,36.2,-120.1,113,10/12/09,09/30/18
12055,060195001,Clovis-Villa (#3),US,CA,060195001,36.82,-119.72,86,01/01/07,11/25/08
39453,060210003,Willows-Colusa Street (#3),US,CA,060210003,39.53,-122.19,1,09/13/06,06/30/18
12096,060250005,Calexico-Ethel Street (#3),US,CA,060250005,32.68,-115.48,1,01/01/16,06/30/18
17090,060290010,Bakersfield-Golden/M St (#3),US,CA,060290010,35.39,-119.02,151,01/01/07,06/04/09
17091,060290014,Bakersfield-California (#3),US,CA,060290014,35.36,-119.06,0,11/29/01,06/30/18
17091,060290014,Bakersfield-California (#4),US,CA,060290014,35.36,-119.06,0,11/29/01,12/31/15
77342,060292009,Lebec (#3),US,CA,060292009,34.84,-118.86,1063,01/27/09,09/30/18
17857,060310004,Corcoran-Patterson (#3),US,CA,060310004,36.1,-119.57,61,01/01/07,12/31/08
23779,060370016,Glendora (#3),US,CA,060370016,34.14,-117.85,275,01/01/08,06/30/18
13270,060371002,Burbank (#3),US,CA,060371002,34.18,-118.32,168,01/01/08,06/30/14
13387,060371103,Los Angeles-North Main Street (#3),US,CA,060371103,34.07,-118.23,87,01/01/08,09/30/11
13387,060371103,Los Angeles-North Main Street (#9),US,CA,060371103,34.07,-118.23,87,10/01/11,06/30/18
13280,060371201,Reseda (#3),US,CA,060371201,34.2,-118.53,226,03/04/09,06/30/18
16973,060374002,Long Beach (North) (#3),US,CA,060374002,33.82,-118.19,6,01/01/10,09/30/13
23780,060374004,Long Beach (South) (#3),US,CA,060374004,33.79,-118.18,6,01/01/12,06/30/18
23783,060376012,Santa Clarita (#3),US,CA,060376012,34.38,-118.53,397,11/01/08,06/30/18
23430,060431001,Yosemite Np-Yosemite Village Vistor Center (#3),US,CA,060431001,37.75,-119.59,1216,02/01/02,06/30/18
23796,060550003,Napa,US,CA,060550003,38.31,-122.3,13,01/04/07,12/05/12
17058,060570005,Grass Valley-Litton Building (#3),US,CA,060570005,39.23,-121.06,853,01/09/07,01/31/08
13436,060571001,Truckee-Fire Station (#3),US,CA,060571001,39.33,-120.18,5500,01/04/07,01/31/08
23799,060590007,Anaheim (#3),US,CA,060590007,33.83,-117.94,10,01/01/08,06/30/18
17076,060610006,Roseville-N Sunrise Ave (#3),US,CA,060610006,38.75,-121.26,48,06/23/04,06/30/18
42089,060650009,Pechanga,US,CA,060650009,33.45,-117.09,366,04/10/08,08/12/10
23810,060650012,Banning Airport (#3),US,CA,060650012,33.92,-116.86,677,01/01/08,06/30/18
97971,060650016,Temecula (#3),US,CA,060650016,33.58,-117.07,453,04/01/11,06/30/18
14596,060651003,Riverside (Magnolia) (#3),US,CA,060651003,33.95,-117.4,249,04/01/10,12/31/14
14604,060658001,Rubidoux (#3),US,CA,060658001,34,-117.42,250,01/01/08,12/31/16
14604,060658001,Rubidoux (#9),US,CA,060658001,34,-117.42,250,08/01/11,06/29/18
27252,060658005,Mira Loma (Van Buren) (#3),US,CA,060658005,34,-117.49,250,01/01/08,06/30/18
23814,060659001,Lake Elsinore (#3),US,CA,060659001,33.68,-117.33,1440,01/01/08,06/30/18
14625,060670006,Sacramento-Del Paso Manor (#3),US,CA,060670006,38.61,-121.37,8,02/01/10,06/30/18
14630,060670010,Sacramento-1309 T Street (#3),US,CA,060670010,38.57,-121.49,0,05/20/04,06/30/18
14630,060670010,Sacramento-1309 T Street (#4),US,CA,060670010,38.57,-121.49,0,05/26/04,11/30/05
23821,060710005,Crestline (#3),US,CA,060710005,34.24,-117.27,1384,06/11/09,06/30/18
100854,060710027,Ontario-Route 60 Near Road (#3),US,CA,060710027,34.03,-117.62,258,08/01/15,12/31/15
23826,060711004,Upland (#3),US,CA,060711004,34.1,-117.63,369,06/07/09,06/30/18
18207,060730003,El Cajon,US,CA,060730003,32.79,-116.94,143,03/11/11,12/31/13
14114,060731002,Escondido,US,CA,060731002,33.13,-117.08,204,04/09/10,08/28/15
14114,060731002,Escondido (#2),US,CA,060731002,33.13,-117.08,204,01/01/10,06/30/14
25787,060731006,Alpine,US,CA,060731006,32.84,-116.77,603,06/19/14,03/29/18
27307,060731008,Camp Pendleton,US,CA,060731008,33.22,-117.4,15,06/19/14,03/07/18
27308,060731010,San Diego - Beardsley Street,US,CA,060731010,32.7,-117.15,3,11/01/11,10/19/16
42004,060731014,Donovan,US,CA,060731014,32.58,-116.92,185,01/21/15,03/31/18
100856,060731019,San Ysidro,US,CA,060731019,32.54,-117.03,16,01/27/15,03/22/16
100897,060731022,El Cajon - Lexington Elementary School,US,CA,060731022,32.79,-116.94,144,06/22/16,03/31/18
100912,060731024,San Ysidro,US,CA,060731024,32.54,-117.03,19,06/06/16,08/24/16
14425,060750005,San Francisco,US,CA,060750005,37.77,-122.4,5,01/01/04,09/30/09
27321,060750006,San Francisco - Bayview Hunters Point,US,CA,060750006,37.73,-122.38,82,06/14/04,06/14/05
27334,060773005,Tracy-Airport (#3),US,CA,060773005,37.68,-121.44,30,01/01/07,06/30/18
15039,060811001,Redwood City,US,CA,060811001,37.48,-122.2,3,01/01/04,09/30/09
23171,060850005,San Jose - Jackson,US,CA,060850005,37.35,-121.89,31,01/01/04,09/19/12
77347,060852009,Cupertino Monta Vista,US,CA,060852009,37.32,-122.07,124,09/14/10,12/31/13
16906,060950004,Vallejo,US,CA,060950004,38.1,-122.24,6,01/01/04,09/14/10
39519,060950006,Benicia - Vip,US,CA,060950006,38.07,-122.15,109,04/01/07,12/31/08
23872,060990006,Turlock (#3),US,CA,060990006,37.49,-120.84,56,01/01/07,11/19/08
13255,061010003,Yuba City (#3),US,CA,061010003,39.14,-121.62,20,06/23/04,06/30/18
13255,061010003,Yuba City (#4),US,CA,061010003,39.14,-121.62,20,10/06/14,12/31/15
77349,061030006,Red Bluff-310 S. Main Street (#3),US,CA,061030006,40.17,-122.23,81,01/01/10,01/28/15
100867,061030007,Red Bluff-Walnut St. District Office (#3),US,CA,061030007,40.17,-122.26,100,01/29/15,03/02/16
23874,061050002,Weaverville-Courthouse,US,CA,061050002,40.73,-122.94,600,05/25/16,05/14/18
14652,061072002,Visalia-Church (#3),US,CA,061072002,36.33,-119.29,97,12/01/01,06/30/18
60106,061072010,Porterville (#3),US,CA,061072010,36.03,-119.06,136,03/08/10,06/30/18
39330,061130004,Davis-Ucd Campus (#3),US,CA,061130004,38.53,-121.77,0,08/14/03,06/30/18
14276,090010010,Roosevelt School-Bridgeport (#3),US,CT,090010010,41.17,-73.19,7,01/01/12,12/31/13
14281,090011123,Western Conn State Univ (#3),US,CT,090011123,41.4,-73.44,116,01/01/12,12/31/15
98228,090030025,Huntley Place-Hartford (#3),US,CT,090030025,41.77,-72.68,8,04/09/13,12/31/15
13319,090031003,Mcauliffe Park (#3),US,CT,090031003,41.78,-72.63,15,01/01/12,12/31/14
23961,090032006,High Street (#3),US,CT,090032006,41.74,-72.63,12,01/01/12,12/31/14
13336,090050005,Mohawk Mt-Cornwall (#3),US,CT,090050005,41.82,-73.3,505,01/01/12,12/31/15
25616,090090027,Criscuolo Park-New Haven (#3),US,CT,090090027,41.3,-72.9,4,01/01/12,12/31/15
13489,090092123,Meadow And Bank Streets (#3),US,CT,090092123,41.55,-73.04,80,01/01/12,12/31/13
39571,090110124,Fort Griswold Park (#3),US,CT,090110124,41.35,-72.08,49,01/01/12,12/31/13
14224,110010043,Mcmillan  Ncore-Pams (#3),US,DC,110010043,38.92,-77.01,50,01/01/03,05/30/12
14224,110010043,Mcmillan  Ncore-Pams (#4),US,DC,110010043,38.92,-77.01,50,02/03/11,08/11/11
27980,120013011,Paynes Prarie (#3),US,FL,120013011,29.54,-82.3,31,07/03/09,12/13/16
100948,120013012,Paynes Prairie Farm (#3),US,FL,120013012,29.57,-82.27,31,12/17/16,06/30/18
27989,120050006,"St.Andrews State Park, Panama City Beach",US,FL,120050006,30.13,-85.73,5,02/27/09,06/30/18
1126,120090007,Melbourne (#3),US,FL,120090007,28.05,-80.63,5,10/25/07,06/30/18
39574,120090011,6315 Depot Avenue (#3),US,FL,120090011,28.47,-80.67,1,11/01/06,04/30/12
42013,120110033,Vista View Park (#3),US,FL,120110033,26.07,-80.34,2,01/28/09,09/30/18
14354,120111002,U Of F Ag Research Center (#3),US,FL,120111002,26.08,-80.24,4,03/01/01,01/12/12
98308,120170006,Crystal River Preserve,US,FL,120170006,28.96,-82.64,9,12/11/15,06/30/18
28038,120210004,Laural Oaks Elementary (#3),US,FL,120210004,26.27,-81.71,20,03/03/05,06/30/18
28040,120230002,Lake City - Veteran'S Domicile (#3),US,FL,120230002,30.18,-82.62,37,05/18/07,06/30/18
28056,120310032,Kooker Park,US,FL,120310032,30.36,-81.64,7,07/01/18,09/30/18
25884,120310077,Sheffield (#3),US,FL,120310077,30.48,-81.59,12,09/01/08,09/30/18
13642,120310098,Mandarin (#3),US,FL,120310098,30.14,-81.63,4,01/01/04,09/30/18
28111,120310100,Mayo Clinic (#3),US,FL,120310100,30.26,-81.45,3,01/01/04,09/30/18
13646,120330004,Ellyson Industrial Park (#3),US,FL,120330004,30.53,-87.2,32,01/01/99,06/13/17
24004,120470015,White Springs (#3),US,FL,120470015,30.43,-82.79,40,05/17/07,06/30/18
13671,120570030,Morrison Ave (#3),US,FL,120570030,27.93,-82.51,7,01/01/03,12/18/13
100984,120570112,Apollo Beach,US,FL,120570112,27.78,-82.42,2,01/01/16,09/30/18
25888,120571065,Usmc Reserve Center (Gandy) (#3),US,FL,120571065,27.89,-82.54,3,01/01/04,09/30/18
25619,120573002,Sydney (#3),US,FL,120573002,27.97,-82.23,20,01/21/05,02/12/14
28274,120574004,The Site Is On A Grass Covered Open Area Of The...,US,FL,120574004,27.99,-82.13,20,01/01/04,12/31/06
28278,120590004,Bonifay (#3),US,FL,120590004,30.85,-85.6,26,06/15/07,06/30/18
24015,120690001,_Ocala National Forest Fire Control Center (#3),US,FL,120690001,29.11,-81.63,2,09/09/03,04/28/04
28287,120690003,"Highway 19, Ocala National Forest (#3)",US,FL,120690003,29.01,-81.64,2,04/28/04,12/19/11
13507,120710005,Winkler Pump Station (#3),US,FL,120710005,26.6,-81.88,0,01/14/09,08/03/17
13922,120730012,Tallahassee Community College (#3),US,FL,120730012,30.44,-84.35,16,07/14/03,06/30/18
23442,120731005,Apalachicola National Forest (#3),US,FL,120731005,30.31,-84.42,26,08/01/03,03/31/13
14175,120830003,Ocala Ymca (#3),US,FL,120830003,29.17,-82.1,10,11/27/07,06/30/18
60091,120850007,Stuart (#3),US,FL,120850007,27.17,-80.24,4,06/11/10,06/30/18
28386,120860034,Kendall (#3),US,FL,120860034,25.68,-80.4,2,07/17/18,09/30/18
23156,120861016,Miami Fire Station (#3),US,FL,120861016,25.79,-80.22,4,01/01/03,06/19/18
23176,120866001,Homestead Fire Station (#3),US,FL,120866001,25.47,-80.48,7,02/11/04,09/30/18
98231,120890010,Yulee,US,FL,120890010,30.63,-81.54,1,01/15/13,06/30/18
1144,120952002,Winter Park (#3),US,FL,120952002,28.6,-81.36,27,06/01/00,09/21/16
1145,120990008,Belle Glade (#3),US,FL,120990008,26.72,-80.67,20,01/01/13,06/30/18
1563,120990009,Royal Palm Beach (#3),US,FL,120990009,26.73,-80.23,2,01/01/11,10/21/15
13687,121030018,Azalea Park (#3),US,FL,121030018,27.79,-82.74,5,03/01/01,11/29/17
24036,121035002,John Chesnut Sr. Park - East Lake (#3),US,FL,121035002,28.09,-82.7,2,09/05/07,09/30/18
24038,121052006,"Nw 4Th Circle - Mulberry, Polk Co. (#3)",US,FL,121052006,27.9,-81.96,33,05/14/07,08/27/07
1351,121056006,Baptist Childrens' Home (#3),US,FL,121056006,28.03,-81.97,0,08/30/07,01/08/18
1790,121111002,Ft. Pierce (#3),US,FL,121111002,27.45,-80.41,3,04/12/05,06/08/10
28619,121130015,Woodlawn Beach Middle School (#3),US,FL,121130015,30.39,-87.01,4,02/19/08,06/30/18
7044,121150013,Bee Ridge Park (#3),US,FL,121150013,27.29,-82.51,8,05/01/08,04/02/18
28633,121152002,Jackson Road (#3),US,FL,121152002,27.09,-82.36,3,04/01/09,09/30/18
7115,121275002,Daytona Blind Services (#3),US,FL,121275002,29.21,-81.05,0,12/20/07,08/21/17
28650,121290001,St. Marks Wildlife Refuge (#3),US,FL,121290001,30.09,-84.16,2,01/06/15,06/30/18
7558,130210012,Macon-Forestry (#3),US,GA,130210012,32.81,-83.54,54,05/05/03,09/07/17
23445,130511002,Savannah-L&A (#3),US,GA,130511002,32.09,-81.13,12,10/17/03,10/31/17
28693,130590002,Athens (#3),US,GA,130590002,33.92,-83.34,215,08/01/04,07/31/18
23447,130770002,Newnan (#3),US,GA,130770002,33.4,-84.75,900,09/24/03,11/15/17
6882,130890002,South Dekalb (#3),US,GA,130890002,33.69,-84.29,308,04/01/02,10/06/10
7111,130950007,Albany (#3),US,GA,130950007,31.58,-84.1,67,05/11/08,12/31/12
28723,131150003,Rome (#3),US,GA,131150003,34.26,-85.32,186,03/25/09,07/31/18
7195,131150005,"Rome,Coosa High School (#3)",US,GA,131150005,34.26,-85.3,199,01/08/08,03/09/09
25912,131210055,Confederate Avenue (#3),US,GA,131210055,33.72,-84.36,292,07/01/05,07/31/18
13744,131350002,Gwinnett (#3),US,GA,131350002,33.96,-84.07,290,09/22/03,10/26/17
13749,131390003,Gainesville (#3),US,GA,131390003,34.3,-83.81,386,01/01/08,09/29/17
23448,131510002,Mcdonough (#3),US,GA,131510002,33.43,-84.16,900,09/17/03,07/31/18
7315,131530001,Warner Robins (#3),US,GA,131530001,32.61,-83.6,90,01/01/08,02/15/18
7316,131850003,Valdosta (#3),US,GA,131850003,30.85,-83.29,70,01/01/08,07/31/18
23449,132150008,Columbus-Airport (#3),US,GA,132150008,32.52,-84.94,101,07/01/03,07/31/18
7285,132230003,"Yorkville, King Farm (#3)",US,GA,132230003,33.93,-85.05,417,04/01/03,12/31/16
7311,132450091,Augusta (#3),US,GA,132450091,33.43,-82.02,46,10/17/03,09/19/17
7710,132950002,Rossville (#3),US,GA,132950002,34.98,-85.3,200,02/01/07,09/30/17
28812,132970001,Rt 2 Social Circle Dnr Fish Hatchery (#3),US,GA,132970001,33.63,-83.68,229,03/24/05,10/31/08
39346,160010010,St. Luke'S Meridian (#3),US,ID,160010010,43.6,-116.35,826,02/01/15,10/30/16
39346,160010010,St. Luke'S Meridian (#4),US,ID,160010010,43.6,-116.35,826,04/01/15,05/04/15
39346,160010010,St. Luke'S Meridian (#7),US,ID,160010010,43.6,-116.35,826,11/16/16,06/30/18
7379,160010011,Mtn View School/3500 Carbarton Lane (#3),US,ID,160010011,43.64,-116.27,820,03/15/04,12/03/09
7391,160050015,G&G/Corner Of Garret & Gould (#3),US,ID,160050015,42.88,-112.46,0,02/04/05,07/29/15
7391,160050015,G&G/Corner Of Garret & Gould (#4),US,ID,160050015,42.88,-112.46,0,10/01/15,06/30/18
24076,160050020,Ballard Road (#3),US,ID,160050020,42.98,-112.46,1356,08/01/18,10/31/18
23450,160090010,"Usfs At Center And 9Th St, St. Maries, Benewah ...",US,ID,160090010,47.32,-116.57,0,10/02/14,06/30/18
25622,160090011,"850 A Street, Plummer (#3)",US,ID,160090011,47.34,-116.89,823,08/24/04,08/31/17
60006,160130004,"111 West 8Th Street, Ketchum (#3)",US,ID,160130004,43.68,-114.37,1783,04/17/15,06/30/18
6753,160150001,Site Is At Sherrif'S Office (#3),US,ID,160150001,43.82,-115.84,0,03/15/04,08/23/17
6753,160150001,Site Is At Sherrif'S Office (#4),US,ID,160150001,43.82,-115.84,0,10/01/17,06/30/18
23451,160150002,U.S. Forest Service Ranger Station # 83. (#3),US,ID,160150002,44.1,-115.97,0,03/15/04,06/30/18
39670,160170003,"10 Meter Tower, At Nw Corner, U Of I Research C...",US,ID,160170003,48.29,-116.56,645,04/20/15,06/30/18
7524,160190011,Site Established To Assess Impacts Of Local Ind...,US,ID,160190011,43.46,-112.05,0,04/01/15,05/14/15
7524,160190011,Site Established To Assess Impacts Of Local Ind...,US,ID,160190011,43.46,-112.05,0,10/01/15,06/30/18
23454,160190013,North Holms And Pop Kroll (#3),US,ID,160190013,43.52,-112.02,1426,02/08/05,05/19/08
24081,160270002,Site Is Midway Between A Major Street And A Loc...,US,ID,160270002,43.58,-116.56,0,02/01/15,06/30/18
24081,160270002,Site Is Midway Between A Major Street And A Loc...,US,ID,160270002,43.58,-116.56,0,04/01/15,05/15/15
7273,160270004,Northwest Nazarene College Sampler On Arts Buil...,US,ID,160270004,43.56,-116.56,757,03/15/04,06/18/08
25653,160410001,Franklin - Water Treatment Facility At East 480...,US,ID,160410001,42.01,-111.81,1373,08/11/15,12/31/17
23457,160490002,Usfs Compound On East Edge Of Town (#3),US,ID,160490002,45.93,-116.12,1047,03/05/04,02/26/16
23457,160490002,Usfs Compound On East Edge Of Town (#4),US,ID,160490002,45.93,-116.12,1047,03/08/16,06/30/18
23458,160490003,"Intersection Of Apple And Pine, Kamiah (#3)",US,ID,160490003,46.21,-116.03,460,10/01/15,06/30/18
28929,160550003,Kootenai Water District Building On West Lancas...,US,ID,160550003,47.79,-116.8,712,02/01/15,06/30/18
1588,160550006,Lakes Middle School/930 N 15Th St (#3),US,ID,160550006,47.68,-116.77,7085,12/27/01,06/10/09
23181,160550014,1353 1/2 Syringa (#3),US,ID,160550014,47.72,-116.93,640,03/05/04,11/02/06
7160,160570005,R&P 1400 Pm2.5 Teom.  University Of Idaho Plant...,US,ID,160570005,46.72,-116.96,801,03/05/04,02/25/16
7160,160570005,R&P 1400 Pm2.5 Teom.  University Of Idaho Plant...,US,ID,160570005,46.72,-116.96,801,03/08/16,06/30/18
23460,160590004,"Salmon Idaho, Open Field, Grass Covered And Pas...",US,ID,160590004,45.18,-113.89,1197,02/01/05,10/20/09
23460,160590004,"Salmon Idaho, Open Field, Grass Covered And Pas...",US,ID,160590004,45.18,-113.89,1197,03/05/15,06/30/18
23461,160690012,"Sunset Park Location, Between City Center And P...",US,ID,160690012,46.41,-116.99,285,03/05/04,02/26/16
23461,160690012,"Sunset Park Location, Between City Center And P...",US,ID,160690012,46.41,-116.99,285,03/08/16,06/30/18
23462,160690013,"260 Bever Grade, Lapwai (#3)",US,ID,160690013,46.4,-116.81,339,10/01/15,06/30/18
23463,160690014,"West Side Reubens-Gifford Rd, Reubens (#3)",US,ID,160690014,46.34,-116.54,1077,10/01/15,06/30/18
7208,160770011,Primary Particulate And Meteorological Monitori...,US,ID,160770011,42.91,-112.54,1356,01/01/99,09/09/08
6859,160790017,"Pinehurst/Pinehurst School, Pinehurst (#3)",US,ID,160790017,47.54,-116.24,671,03/05/04,12/31/09
6859,160790017,"Pinehurst/Pinehurst School, Pinehurst (#4)",US,ID,160790017,47.54,-116.24,671,10/02/14,06/30/18
98311,160830007,650 Addison Avenue (#3),US,ID,160830007,42.57,-114.49,1130,04/01/16,06/30/18
98311,160830007,650 Addison Avenue (#4),US,ID,160830007,42.57,-114.49,1130,04/01/15,03/31/16
98311,160830007,650 Addison Avenue (#7),US,ID,160830007,42.57,-114.49,1130,04/01/15,06/11/15
7331,160830010,"Monitor Is On Roof Of Smith'S Food Store, In Re...",US,ID,160830010,42.56,-114.45,1140,03/05/04,11/06/13
7175,160850001,R&P 1400Pm2.5 Teom On Top Of Shaver'S Market On...,US,ID,160850001,44.9,-116.09,0,03/15/04,12/06/05
28992,160850002,"500 North Mission - Mccall, Idaho (#3)",US,ID,160850002,44.89,-116.11,0,12/06/05,05/18/17
28992,160850002,"500 North Mission - Mccall, Idaho (#4)",US,ID,160850002,44.89,-116.11,0,05/18/17,06/30/18
23464,170310001,Village Garage (#3),US,IL,170310001,41.67,-87.73,188,01/01/07,09/30/18
7332,170310022,Washington Hs (#3),US,IL,170310022,41.69,-87.54,178,01/01/07,03/18/13
7013,170310057,Springfield Pump Station (#3),US,IL,170310057,41.91,-87.72,183,01/01/07,09/30/18
7018,170310076,Com Ed Maintenance Bldg (#3),US,IL,170310076,41.75,-87.71,186,01/01/07,09/30/18
6676,170314201,Northbrook Water Plant (#3),US,IL,170314201,42.14,-87.8,198,01/01/07,11/30/16
6679,170316005,Liberty School (#3),US,IL,170316005,41.86,-87.75,186,09/11/13,09/30/18
23466,170316006,4Th District Court (#3),US,IL,170316006,41.87,-87.83,189,01/01/07,03/07/13
7398,170434002,City Hall (#3),US,IL,170434002,41.77,-88.15,204,01/01/07,06/24/13
29141,170650002,Ten Mile Creek Dnr Office (#3),US,IL,170650002,38.08,-88.62,149,01/01/07,11/04/07
6779,170990007,Iepa Trailer (#3),US,IL,170990007,41.29,-89.05,183,01/01/07,11/18/10
6828,171110001,Cary Grove Hs (#3),US,IL,171110001,42.22,-88.24,235,01/01/07,09/30/18
7008,171150013,Iepa Trailer (#3),US,IL,171150013,39.87,-88.93,204,01/01/07,10/15/17
6492,171191007,Firestation #1 (#3),US,IL,171191007,38.7,-90.14,128,10/30/08,09/30/18
6488,171430037,City Office Building (#3),US,IL,171430037,40.7,-89.58,155,01/01/07,10/10/17
6220,171630010,Iepa-Raps Trailer (#3),US,IL,171630010,38.61,-90.16,125,01/01/07,09/30/18
6330,171971011,Com Ed Training Center (#3),US,IL,171971011,41.22,-88.19,181,06/24/13,10/18/16
6041,180030004,Ft. Wayne- Beacon St. (#3),US,IN,180030004,41.09,-85.1,211,01/01/02,11/10/09
6956,180431004,New Albany- Green Valley Elem. Sch. (#3),US,IN,180431004,38.31,-85.83,145,08/08/07,12/10/09
5898,180890022,Gary-Iitri/ 1219.5 Meters East Of Tennessee St....,US,IN,180890022,41.61,-87.3,183,01/01/03,10/08/09
6017,180970078,Indpls- Washington Park/  In Parking Lot Next T...,US,IN,180970078,39.81,-86.11,230,07/01/00,01/04/10
6405,180970081,Indpls- W. 18Th St./ Ernie Pyle School 90 (#3),US,IN,180970081,39.79,-86.21,222,11/01/07,10/01/09
5759,181270024,Ogden Dunes- Water Treatment Plant (#3),US,IN,181270024,41.62,-87.2,183,11/06/07,10/08/09
5370,181411008,South Bend Caap (#3),US,IN,181411008,41.69,-86.24,224,01/01/02,12/02/03
23183,181570008,Lafayette- Greenbush St./ Cinergy Substation (#3),US,IN,181570008,40.43,-86.85,195,04/01/05,08/30/09
5834,181630012,Evansville Caap (#3),US,IN,181630012,38.02,-87.57,122,10/01/02,06/30/09
41886,190130009,Water Tower (#3),US,IA,190130009,42.5,-92.32,270,02/04/09,10/31/18
41886,190130009,Water Tower (#4),US,IA,190130009,42.5,-92.32,270,01/01/10,10/30/18
23469,190450019,"Clinton, Chancy Park (#3)",US,IA,190450019,41.82,-90.21,189,05/02/11,10/31/18
23469,190450019,"Clinton, Chancy Park (#4)",US,IA,190450019,41.82,-90.21,189,05/03/11,10/31/18
6136,190450021,"Clinton, Rainbow Park (#3)",US,IA,190450021,41.87,-90.18,0,01/01/09,06/30/17
6136,190450021,"Clinton, Rainbow Park (#4)",US,IA,190450021,41.87,-90.18,0,06/21/10,06/30/17
6318,191032001,"Iowa City, Hoover Sch. (#3)",US,IA,191032001,41.66,-91.5,225,06/16/09,10/31/18
6318,191032001,"Iowa City, Hoover Sch. (#4)",US,IA,191032001,41.66,-91.5,225,01/01/10,10/31/18
23471,191130038,By Cellular Tower Top Of Hill,US,IA,191130038,41.94,-91.63,0,01/01/08,03/31/08
40059,191130040,Public Health,US,IA,191130040,41.98,-91.69,224,04/15/08,12/22/16
40059,191130040,Public Health (#2),US,IA,191130040,41.98,-91.69,224,01/01/10,12/19/16
23184,191370002,Viking Lake State Park (#3),US,IA,191370002,40.97,-95.04,426,05/03/10,10/31/18
23184,191370002,Viking Lake State Park (#4),US,IA,191370002,40.97,-95.04,426,05/03/10,10/31/18
5229,191390015,Muscatine Hs - East Campus School Roof (#3),US,IA,191390015,41.4,-91.07,171,02/17/09,12/31/11
5229,191390015,Muscatine Hs - East Campus School Roof (#4),US,IA,191390015,41.4,-91.07,171,01/01/10,12/31/11
98237,191390019,Muscatine Hs - East Campus School Trailer (#3),US,IA,191390019,41.4,-91.07,169,01/01/12,10/31/18
98237,191390019,Muscatine Hs - East Campus School Trailer (#4),US,IA,191390019,41.4,-91.07,169,01/01/12,10/31/18
23473,191471002,"Emmetsburg, Iowa Lakes Community Coll. (#3)",US,IA,191471002,43.12,-94.69,379,05/11/10,10/31/18
23473,191471002,"Emmetsburg, Iowa Lakes Community Coll. (#4)",US,IA,191471002,43.12,-94.69,379,05/11/10,10/31/18
4916,191530030,Carpenter,US,IA,191530030,41.6,-93.64,0,10/02/07,03/23/17
4916,191530030,Carpenter (#2),US,IA,191530030,41.6,-93.64,0,08/06/10,03/23/17
5054,191630015,"Davenport, Jefferson Sch. (#3)",US,IA,191630015,41.53,-90.59,213,03/04/11,10/31/18
5054,191630015,"Davenport, Jefferson Sch. (#4)",US,IA,191630015,41.53,-90.59,213,02/22/11,10/31/18
23476,191630019,"Davenport, Bh Foundry (#3)",US,IA,191630019,41.52,-90.62,178,06/04/10,12/31/13
23476,191630019,"Davenport, Bh Foundry (#4)",US,IA,191630019,41.52,-90.62,178,06/04/10,12/31/13
60018,191630020,Hayes School (#3),US,IA,191630020,41.51,-90.62,177,01/26/10,06/30/17
60018,191630020,Hayes School (#4),US,IA,191630020,41.51,-90.62,177,01/26/10,06/30/17
25626,191770006,Lake Sugema State Park Ii (#3),US,IA,191770006,40.7,-92.01,207,03/15/11,10/31/18
25626,191770006,Lake Sugema State Park Ii (#4),US,IA,191770006,40.7,-92.01,207,04/18/11,10/31/18
23478,201950001,Cedar Bluff (#2),US,KS,201950001,38.77,-99.76,670,05/12/15,12/31/15
5012,202090021,Jfk,US,KS,202090021,39.12,-94.64,259,04/11/14,03/31/17
5012,202090021,Jfk (#3),US,KS,202090021,39.12,-94.64,259,01/23/07,03/31/14
4394,210190017,Ashland Primary (Fivco) (#3),US,KY,210190017,38.46,-82.64,200,01/01/07,07/25/17
4402,210290006,Shepherdsville (#3),US,KY,210290006,37.99,-85.71,135,01/01/07,10/10/07
40375,210373002,Northern Kentucky University (Nku) (#3),US,KY,210373002,39.02,-84.47,251,07/10/07,01/19/18
25658,210590005,Owensboro Primary (#3),US,KY,210590005,37.78,-87.08,127,01/01/07,10/19/17
25628,210610501,Mammoth Cave Np - Houchin Meadow (#3),US,KY,210610501,37.13,-86.14,230,01/01/17,04/30/18
5167,210670012,Lexington Primary (#3),US,KY,210670012,38.07,-84.5,302,01/01/07,04/30/18
5232,210930006,Elizabethtown (#3),US,KY,210930006,37.71,-85.85,250,10/27/07,04/30/18
23479,211010014,Baskett (#3),US,KY,211010014,37.87,-87.46,121,01/01/08,02/19/18
4715,211170007,Chase (Covington) (#3),US,KY,211170007,39.07,-84.53,225,01/01/07,05/31/10
24231,211451024,Jackson Purchase (Paducah Primary) (#3),US,KY,211451024,37.06,-88.57,108,01/01/07,07/12/17
30352,211830032,Echols (#3),US,KY,211830032,37.32,-86.96,143,01/01/07,06/07/10
4166,211930003,Hazard (#3),US,KY,211930003,37.28,-83.21,280,01/01/09,04/30/18
4176,211950002,Pikeville Primary (#3),US,KY,211950002,37.48,-82.54,207,01/01/07,01/31/18
24240,212270008,Oakland (#3),US,KY,212270008,37.04,-86.25,175,01/01/07,05/09/12
98038,212270009,Ed Spear Park (Smiths Grove) (#3),US,KY,212270009,37.05,-86.21,194,05/10/12,04/30/18
4556,220150008,Shreveport / Airport (#3),US,LA,220150008,32.54,-93.75,53,01/01/00,09/30/18
23480,220190008,Westlake (#3),US,LA,220190008,30.26,-93.29,0,01/01/00,09/30/18
4989,220330009,Capitol (#3),US,LA,220330009,30.46,-91.18,14,04/01/05,11/12/10
23481,220330013,Pride (#3),US,LA,220330013,30.7,-91.06,35,01/01/00,03/03/11
4292,220511001,Kenner (#3),US,LA,220511001,30.04,-90.27,3,07/09/03,09/30/18
30441,220550007,Lafayette / Usgs,US,LA,220550007,30.23,-92.04,0,11/24/09,09/30/18
23482,220570004,Thibodaux (#3),US,LA,220570004,29.76,-90.77,5,01/11/00,09/30/18
23483,220630002,French Settlement (#3),US,LA,220630002,30.32,-90.81,0,01/01/00,09/30/18
3982,220710012,New Orleans / City Park (#3),US,LA,220710012,29.99,-90.1,3,05/15/03,09/30/18
3994,220730004,Monroe / Airport,US,LA,220730004,32.51,-92.05,25,08/01/10,09/30/14
23484,220790002,Alexandria,US,LA,220790002,31.18,-92.41,3,05/01/11,09/30/14
23484,220790002,Alexandria (#2),US,LA,220790002,31.18,-92.41,3,05/01/11,09/30/14
30480,220870007,Chalmette Vista,US,LA,220870007,29.94,-89.98,62,03/05/10,09/30/18
30480,220870007,Chalmette Vista (#3),US,LA,220870007,29.94,-89.98,62,01/01/07,02/18/10
41903,221030002,Madisonville (#3),US,LA,221030002,30.43,-90.2,20,05/01/08,09/30/18
4367,221210001,Port Allen,US,LA,221210001,30.5,-91.21,7,06/09/09,09/30/14
4367,221210001,Port Allen (#3),US,LA,221210001,30.5,-91.21,7,01/01/04,04/30/09
4386,230010011,Country Kitchen Bakery Parking Lot,US,ME,230010011,44.09,-70.21,49,01/01/10,09/12/13
30545,230031100,Micmac Health Department (#3),US,ME,230031100,46.7,-68.03,540,01/01/06,06/30/17
100851,230031101,198 West Ridge Road,US,ME,230031101,46.23,-67.88,188,01/01/15,06/30/17
40487,230050029,Pdo - Portland Deering Oaks,US,ME,230050029,43.66,-70.27,3,01/01/10,06/30/15
101297,230072002,1001 Carriage Road,US,ME,230072002,45.08,-70.21,10,01/01/16,09/06/17
4650,230090103,Mcfarland Hill Air Pollutant Research Site (#2),US,ME,230090103,44.38,-68.26,130,01/04/10,10/17/11
4650,230090103,Mcfarland Hill Air Pollutant Research Site (#3),US,ME,230090103,44.38,-68.26,130,09/22/10,10/30/13
4446,230190002,Kenduskeag Pump Station (Building Roof),US,ME,230190002,44.8,-68.77,10,01/01/10,12/04/13
40515,230210004,Wortman Property,US,ME,230210004,45.46,-69.59,1145,01/01/10,04/26/11
7093,245100040,Oldtown (#3),US,MD,245100040,39.3,-76.6,12,06/01/02,02/26/08
30999,250030006,Berkshire Commons (#3),US,MA,250030006,42.45,-73.26,0,12/15/05,08/31/15
23485,250051004,Fall River (#3),US,MA,250051004,41.69,-71.17,59,09/25/03,12/31/13
17510,250092006,Lynn Water Treatment Plant (#3),US,MA,250092006,42.47,-70.97,52,10/11/05,12/31/13
17716,250095005,Consentino School. (#3),US,MA,250095005,42.77,-71.1,0,07/16/04,12/31/13
98754,250112005,Greenfield 16 Barr Ave (#3),US,MA,250112005,42.61,-72.6,267,01/27/14,01/31/16
8114,250130016,Liberty St Parking Lot (#3),US,MA,250130016,42.11,-72.59,31,05/15/03,06/30/16
17933,250154002,Quabbin Res (#3),US,MA,250154002,42.3,-72.33,312,06/24/05,08/31/15
23486,250213003,Blue Hill Observatory (#3),US,MA,250213003,42.21,-71.11,192,10/22/03,12/31/13
98321,250230005,Brockton Buckley (#3),US,MA,250230005,42.07,-71.01,1,09/12/13,09/30/15
7483,250250042,Dudley Square Roxbury (#3),US,MA,250250042,42.33,-71.08,6,04/01/99,12/31/13
7483,250250042,Dudley Square Roxbury (#4),US,MA,250250042,42.33,-71.08,6,05/09/00,08/03/01
7485,250250043,North End Site Central Artery (#3),US,MA,250250043,42.36,-71.05,7,05/07/02,08/31/15
98322,250250044,Von Hillern St (#3),US,MA,250250044,42.33,-71.06,15,08/29/13,08/31/15
98322,250250044,Von Hillern St (#4),US,MA,250250044,42.33,-71.06,15,08/19/15,09/30/18
7909,250270020,"Central Street Fire Station, Central St. (#3)",US,MA,250270020,42.27,-71.8,145,10/02/02,09/30/03
25630,250270023,Worcester Summer Street (#3),US,MA,250270023,42.26,-71.79,145,01/22/04,12/31/13
7464,260170014,"Jenison St About 70 Ft West, 2 Lane Residential...",US,MI,260170014,43.57,-83.89,0,01/01/14,07/01/18
17704,260490021,"Whaley Park, 3610 Iowa (#3)",US,MI,260490021,43.05,-83.67,220,01/22/14,07/01/18
8086,260650012,220 N Pennsylvania (#3),US,MI,260650012,42.74,-84.53,268,01/01/14,04/11/18
101446,260650018,815 Filley (#3),US,MI,260650018,42.76,-84.56,200,05/16/18,06/30/18
17146,260770008,Kalamazoo Fairgrounds (#3),US,MI,260770008,42.28,-85.54,0,01/01/14,07/01/18
16819,260810020,Gr-Monroe (#3),US,MI,260810020,42.98,-85.67,186,01/01/11,07/01/18
26055,260910007,"6792 Raisin Center Hwy, Lenawee Co.Rd.Comm.Owne...",US,MI,260910007,42,-83.95,0,01/01/14,07/01/18
1855,261130001,Located About 1/4 Mile West Of Site (#3),US,MI,261130001,44.31,-84.89,0,01/01/14,07/01/18
16991,261470005,Port Huron (#3),US,MI,261470005,42.95,-82.46,186,01/01/14,07/01/18
23158,261530001,Seney (#3),US,MI,261530001,46.29,-85.95,0,01/01/14,07/01/18
1696,261610008,"Towner St, South; 2 Lane Residenial - Hospital ...",US,MI,261610008,42.24,-83.6,0,01/01/14,07/01/18
1702,261630001,Allen Park (#3),US,MI,261630001,42.23,-83.21,181,01/01/11,07/01/18
2267,261630033,Property Owned By Dearborn Public Schools (#3),US,MI,261630033,42.31,-83.15,0,01/01/14,07/01/18
31756,261630039,Fia/Lafayette (#3),US,MI,261630039,42.32,-83.07,0,01/01/14,03/31/18
100899,261630097,New Mt Herman Church (#3),US,MI,261630097,42.26,-83.16,0,09/01/16,07/01/18
39331,270031002,Anoka County Airport (#3),US,MN,270031002,45.14,-93.21,280,02/07/03,12/22/10
31787,270052013,Fws Wetland Management District (#3),US,MN,270052013,46.85,-95.85,0,04/01/05,01/02/13
23488,270177416,Fond Du Lac Band 7416 (#3),US,MN,270177416,46.71,-92.52,378,11/01/01,01/28/08
31808,270317810,Grand Portage Band (#3),US,MN,270317810,47.97,-89.69,125,02/15/06,12/29/15
31811,270353204,Brainerd Lakes Regional Airport (#3),US,MN,270353204,46.4,-94.13,381,01/28/05,01/02/13
1507,270370470,Apple Valley (#3),US,MN,270370470,44.74,-93.24,306,02/01/03,12/31/12
2535,270530963,Andersen School (#3),US,MN,270530963,44.95,-93.26,267,02/13/03,06/30/11
31876,270530969,Wenonah Elementary School (#3),US,MN,270530969,44.9,-93.24,257,04/11/05,12/31/09
26063,270750005,Boundary Waters (#3),US,MN,270750005,47.95,-91.5,528,08/09/05,12/31/12
31942,270834210,Southwest Minnesota Regional Airport (#3),US,MN,270834210,44.44,-95.82,361,05/19/05,06/30/11
17254,271095008,Ben Franklin School (#3),US,MN,271095008,44,-92.45,0,03/14/03,12/31/10
2406,271230868,Ramsey Health Center (#3),US,MN,271230868,44.95,-93.1,251,01/01/01,11/05/02
1546,271230871,Harding High School (#3),US,MN,271230871,44.96,-93.04,296,05/01/02,12/31/10
2396,271377551,Lincoln Park School (#3),US,MN,271377551,46.77,-92.13,230,02/21/03,06/30/11
2187,271453052,Talahi School (#3),US,MN,271453052,45.55,-94.13,0,04/15/03,12/31/10
2241,271713201,St. Michael Elementary School (#3),US,MN,271713201,45.21,-93.67,288,04/15/03,12/31/12
2248,280110001,Cleveland (#3),US,MS,280110001,33.75,-90.72,0,06/01/03,12/31/12
2251,280330002,Hernando (#3),US,MS,280330002,34.82,-89.99,117,01/01/08,12/31/17
2572,280350004,Hattiesburg (#3),US,MS,280350004,31.32,-89.29,0,04/01/11,12/31/17
17207,280470008,Gulfport Youth Court (#3),US,MS,280470008,30.39,-89.05,0,10/01/99,12/31/17
2724,280490010,Jackson Fs19 (#3),US,MS,280490010,32.39,-90.14,90,09/01/06,03/16/15
17202,280490018,Court And Farrish Streets (#3),US,MS,280490018,32.3,-90.19,0,03/01/02,05/31/06
98244,280490020,Jackson Ncore (#3),US,MS,280490020,32.33,-90.18,106,07/01/13,05/09/17
100837,280490021,Hinds Cc (#3),US,MS,280490021,32.35,-90.23,106,04/01/15,12/31/17
17208,280590006,Pascagoula (#3),US,MS,280590006,30.38,-88.53,0,01/01/06,11/30/08
2768,280750003,Meridian (#3),US,MS,280750003,32.36,-88.73,102,10/06/06,12/31/12
2743,280810005,Tupelo Airport Near Old Nws Office (#3),US,MS,280810005,34.26,-88.77,107,11/01/03,11/30/12
24397,290210005,St. Joseph Pump Station (#3),US,MO,290210005,39.74,-94.86,258,11/01/06,12/31/09
15381,290390001,El Dorado Springs (#3),US,MO,290390001,37.69,-94.04,294,01/01/06,12/31/09
7549,290470005,Liberty (#3),US,MO,290470005,39.3,-94.38,287,01/01/06,12/31/09
23490,290950034,Troost (#3),US,MO,290950034,39.1,-94.57,287,01/05/06,04/10/13
2177,290990012,Arnold Tenbrook & Tenbrook (#3),US,MO,290990012,38.44,-90.36,154,01/01/06,02/27/08
41888,290990019,Arnold West (#3),US,MO,290990019,38.45,-90.4,195,03/01/08,12/31/09
41888,290990019,Arnold West (#4),US,MO,290990019,38.45,-90.4,195,03/01/08,06/23/09
25634,291860005,Bonne Terre (#3),US,MO,291860005,37.9,-90.42,0,01/01/06,01/31/08
26078,291893001,Ladue (#3),US,MO,291893001,38.65,-90.35,156,01/01/06,12/12/12
15476,295100085,Blair Street (#3),US,MO,295100085,38.66,-90.2,150,01/01/06,12/31/10
32494,300130001,Great Falls Overlook Park (#3),US,MT,300130001,47.49,-111.3,1021,07/09/08,06/30/18
3582,300290009,White Fish Dead End (#3),US,MT,300290009,48.4,-114.34,0,07/01/08,05/06/10
14917,300290047,Kalispell Flathead Electric (#3),US,MT,300290047,48.2,-114.31,890,07/01/08,05/06/10
32594,300310006,Bozeman  Wwtp (#3),US,MT,300310006,45.73,-111.07,1411,07/02/08,09/30/08
23492,300310013,West Yellowstone Park Ent (#3),US,MT,300310013,44.66,-111.09,2027,10/17/03,03/08/08
40912,300310016,West Yellowstone City Center (#3),US,MT,300310016,44.66,-111.11,2037,01/01/07,06/30/08
41899,300310017,West Yellowstone Park Ent #2 (#3),US,MT,300310017,44.66,-111.09,2030,08/01/08,07/31/15
42148,300310019,Bozeman High School (#3),US,MT,300310019,45.68,-111.06,1468,02/01/09,06/30/18
15156,300490018,Helena Lincoln School (#3),US,MT,300490018,46.6,-112.04,1200,01/01/07,06/30/08
15613,300530018,Libby Courthouse Annex (#3),US,MT,300530018,48.39,-115.55,634,11/10/05,08/10/11
60022,300630038,Seeley Elementary School (#3),US,MT,300630038,47.18,-113.48,1239,11/13/09,06/30/18
32732,300810007,Hamilton - Ps 46 (#3),US,MT,300810007,46.24,-114.16,1088,07/01/05,06/30/08
2939,300890007,Thompson Falls High School (#3),US,MT,300890007,47.59,-115.32,745,07/01/17,06/30/18
2935,300930005,Butte Greeley School (#3),US,MT,300930005,46,-112.5,1682,04/21/09,03/18/10
40982,300930009,Butte Front Street (#3),US,MT,300930009,46,-112.54,1670,11/07/07,04/16/09
32849,301110085,St Lukes (#3),US,MT,301110085,45.78,-108.51,965,06/19/08,05/07/15
3921,310550019,4102 Woolworth Ave. On Healthcenter Warehouse (#3),US,NE,310550019,41.25,-95.97,372,05/27/05,12/08/08
24549,320030020,4701 Mitchell Street (#3),US,NV,320030020,36.25,-115.09,1922,01/01/05,09/16/10
3682,320030022,Apex (#3),US,NV,320030022,36.39,-114.91,662,01/23/07,09/16/10
24554,320030073,Palo Verde (#3),US,NV,320030073,36.17,-115.33,932,01/01/05,05/10/07
3687,320030298,Green Valley (#3),US,NV,320030298,36.05,-115.05,0,01/01/05,09/30/13
24557,320030539,Trailer In Rv Park (Maycliff Rv & Storage) (Sit...,US,NV,320030539,36.14,-115.09,533,01/01/05,05/13/07
25636,320030561,Sunrise Acres (#3),US,NV,320030561,36.16,-115.11,0,07/01/05,09/30/12
24558,320030601,Boulder City (#3),US,NV,320030601,35.98,-114.85,0,01/01/05,07/27/05
3711,320031019,Jean (#3),US,NV,320031019,35.79,-115.36,924,05/26/07,03/13/13
3670,320032002,Jd Smith (#3),US,NV,320032002,36.19,-115.12,0,01/01/05,12/11/12
98090,330150018,Moosehill School (#3),US,NH,330150018,42.86,-71.38,108,01/01/15,07/31/16
41078,340010006,Brigantine (#3),US,NJ,340010006,39.46,-74.45,5,08/10/07,05/13/13
23494,340030004,Fort Lee (#3),US,NJ,340030004,40.85,-73.97,87,01/01/06,10/16/09
4122,340070003,Camden Lab (#3),US,NJ,340070003,39.92,-75.1,8,01/01/06,09/28/08
41904,340070010,South Camden (#3),US,NJ,340070010,39.92,-75.12,5,10/01/09,12/31/15
26103,340110007,Millville (#3),US,NJ,340110007,39.42,-75.03,22,01/01/06,12/05/12
42071,340130003,Newark - Firehouse (#3),US,NJ,340130003,40.72,-74.19,27,10/01/09,06/24/13
3884,340171003,Jersey City Firehouse (#3),US,NJ,340171003,40.73,-74.05,6,01/01/06,03/17/15
26107,340190001,Flemington (#3),US,NJ,340190001,40.52,-74.81,45,03/31/06,12/30/15
42073,340210010,Ewing (#3),US,NJ,340210010,40.29,-74.81,54,01/01/09,12/31/15
11443,340230006,New Brunswick (#3),US,NJ,340230006,40.47,-74.42,21,01/01/06,06/30/13
11904,340390004,Elizabeth Lab (#3),US,NJ,340390004,40.64,-74.21,5,01/01/06,05/10/13
11516,340392003,Rahway (#3),US,NJ,340392003,40.6,-74.28,3,01/01/06,06/30/18
77272,340410007,Columbia Wma (#3),US,NJ,340410007,40.92,-75.07,146,10/22/10,11/24/13
24606,350010019,Uptown Zuni Park (#3),US,NM,350010019,35.11,-106.56,1620,01/01/07,06/30/10
23495,350010027,Westside Taylor Ranch (#3),US,NM,350010027,35.15,-106.7,1558,01/01/07,12/31/10
23496,350010029,South Valley (#3),US,NM,350010029,35.02,-106.66,1508,01/01/07,12/31/13
23497,350011013,North Valley (#3),US,NM,350011013,35.19,-106.61,1523,01/01/07,12/31/13
23499,350130016,6Cm Anthony (#3),US,NM,350130016,32,-106.6,1159,04/29/99,10/10/14
12032,350130017,Sunland Park City Yard (#3),US,NM,350130017,31.8,-106.56,0,10/10/01,10/31/10
23500,350130021,6Zm Desert View (#3),US,NM,350130021,31.8,-106.58,1219,10/01/98,01/11/17
23501,350130022,6Zn Santa Teresa (#3),US,NM,350130022,31.79,-106.68,1280,10/01/98,12/05/14
23502,350151005,5Zr On Blm Land Bordering Residential Area Outs...,US,NM,350151005,32.38,-104.26,780,01/27/00,11/18/14
33431,350250008,5Zs Hobbs Jefferson (#3),US,NM,350250008,32.73,-103.12,1110,08/30/04,10/22/14
11436,350439004,"Pueblo Of Jemez Tribal Trust Lands, Department ...",US,NM,350439004,35.62,-106.73,1707,10/01/11,12/31/11
33471,350450018,"423 Hway 539, Navajo Dam, Nm 87419 (#3)",US,NM,350450018,36.81,-107.65,1950,07/14/05,05/15/14
11882,350490020,Runnels Bldg. 1190 St. Francis Dr. (#3),US,NM,350490020,35.67,-105.95,0,08/14/03,06/11/14
41094,350490021,"2001 Aviation Drive, Santa Fe, Nm (#3)",US,NM,350490021,35.62,-106.08,1930,07/02/07,03/22/17
23504,350550005,Fire Station Santiago Road (#3),US,NM,350550005,36.38,-105.58,0,01/01/00,11/26/17
41095,350610008,"1000 W. Main St, Los Lunas, Nm 87031 (#3)",US,NM,350610008,34.81,-106.74,1489,09/01/06,09/30/13
11556,360010005,Albany County Health Dept (#3),US,NY,360010005,42.64,-73.75,7,12/28/06,06/13/17
11171,360050080,Morrisania (#3),US,NY,360050080,40.84,-73.92,20,08/22/12,09/30/18
11156,360050110,Is 52 (#3),US,NY,360050110,40.82,-73.9,17,12/21/06,06/17/10
23505,360050112,Is 74 (#3),US,NY,360050112,40.82,-73.89,20,12/21/06,09/30/18
23506,360050113,Ps 154 (#3),US,NY,360050113,40.81,-73.93,9,12/21/06,12/31/12
10971,360290005,Buffalo (#3),US,NY,360290005,42.88,-78.81,185,12/21/06,09/30/18
98789,360290023,"I90 Mile Post 424.6 East Bound Side, Cheektowag...",US,NY,360290023,42.92,-78.77,199,08/15/14,09/30/18
100826,360290024,Busti Ave - Peace Bridge Study,US,NY,360290024,42.9,-78.9,3,08/11/14,09/30/15
100827,360290025,Ps 198 - Peace Bridge Study,US,NY,360290025,42.9,-78.89,3,08/26/14,09/30/15
41099,360291013,Grand Isle Bouldvard (#3),US,NY,360291013,42.99,-78.92,183,06/20/07,09/14/18
41100,360291014,Brookside Terrace (#3),US,NY,360291014,43,-78.9,182,07/02/07,09/30/18
41101,360291015,Two Mile Creek Road (#3),US,NY,360291015,42.98,-78.91,183,06/28/07,07/14/08
41103,360296002,Beaver Island State Park (#3),US,NY,360296002,42.97,-78.94,174,06/18/07,07/14/08
11088,360310003,Whiteface Base (#3),US,NY,360310003,44.39,-73.86,599,12/21/06,09/30/18
11837,360470052,Ps 314 (#3),US,NY,360470052,40.64,-74.02,26,12/21/06,09/30/18
23507,360470118,Ps 274 (#3),US,NY,360470118,40.69,-73.93,18,01/19/07,09/20/18
23508,360470121,Is 293 (#3),US,NY,360470121,40.68,-73.99,9,12/21/06,12/28/12
100828,360550015,"I-490 And 1775 East Avenue, Rochester, Ny 14610",US,NY,360550015,43.15,-77.56,143,12/18/14,09/30/18
25638,360551007,Rochester 2 (#3),US,NY,360551007,43.15,-77.55,137,12/21/06,06/18/14
10901,360590005,Eisenhower Park (#3),US,NY,360590005,40.74,-73.59,27,12/21/06,09/30/18
11663,360610062,Canal Street (#3),US,NY,360610062,40.72,-74,3,12/21/06,03/23/07
23509,360610115,Intermediate School 143 (#3),US,NY,360610115,40.85,-73.94,0,12/21/06,09/30/18
23510,360610117,Ps 64 (#3),US,NY,360610117,40.72,-73.98,0,12/21/06,07/03/07
23511,360610119,Manhattanville Post Office (#3),US,NY,360610119,40.81,-73.95,10,12/21/06,06/17/11
23513,360610125,Park Row (#3),US,NY,360610125,40.71,-74.01,8,12/21/06,12/31/10
23193,360610128,Ps 19 (#3),US,NY,360610128,40.73,-73.98,9,06/21/07,09/30/18
33769,360610134,Division Street (#3),US,NY,360610134,40.71,-74,17,12/21/06,09/26/18
41119,360610135,Ccny (#3),US,NY,360610135,40.82,-73.95,45,06/22/07,09/30/18
11706,360632008,Niagara Falls (#3),US,NY,360632008,43.08,-79,176,12/21/06,12/04/12
10693,360652001,Utica Health Dept (#3),US,NY,360652001,43.1,-75.23,139,12/21/06,09/30/18
11490,360710002,Newburgh (#3),US,NY,360710002,41.5,-74.01,127,12/21/06,09/30/18
23518,360810120,Maspeth Library (#3),US,NY,360810120,40.73,-73.89,31,12/21/06,09/30/18
11482,360810124,Queens College 2 (#3),US,NY,360810124,40.74,-73.82,25,12/21/06,10/06/09
101430,360810125,"I-495, H Harding Expwy And 153Rd St",US,NY,360810125,40.74,-73.82,25,04/01/17,09/30/18
10775,360850055,Richmond Post Office (#3),US,NY,360850055,40.63,-74.14,16,04/22/11,09/30/18
23519,360850111,Freshkills West (#3),US,NY,360850111,40.58,-74.2,3,12/21/06,09/29/18
23520,360850114,Ps 44 (#3),US,NY,360850114,40.63,-74.16,16,12/21/06,03/29/11
42078,360870005,Rockland County (#3),US,NY,360870005,41.18,-74.03,140,06/08/09,09/30/18
11693,361010003,Pinnacle State Park (#3),US,NY,361010003,42.09,-77.21,507,12/21/06,10/03/08
23521,361030009,Holtsville (#3),US,NY,361030009,40.83,-73.06,45,11/13/10,09/30/18
39332,361192004,White Plains (#3),US,NY,361192004,41.05,-73.76,64,12/21/06,09/30/18
11101,370010002,Hopedale (#3),US,NC,370010002,36.09,-79.41,194,06/14/07,06/29/15
10335,370210034,Board Of Ed. Bldg. (#3),US,NC,370210034,35.61,-82.58,663,07/01/03,06/16/16
10779,370330001,Cherry Grove (#3),US,NC,370330001,36.31,-79.47,241,01/12/06,03/07/12
10785,370350004,Hickory Water Tower (#3),US,NC,370350004,35.73,-81.37,333,01/01/06,12/31/14
10948,370510009,William Owen School (#3),US,NC,370510009,35.04,-78.95,63,01/01/06,12/31/15
10827,370570002,Lexington Water Tower (#3),US,NC,370570002,35.81,-80.26,241,01/01/06,07/22/14
10826,370610002,Kenansville (#3),US,NC,370610002,34.95,-77.96,34,03/01/14,12/31/15
41159,370630015,Durham Armory (#3),US,NC,370630015,36.03,-78.9,118,01/01/08,05/27/15
24691,370650099,Leggett (#3),US,NC,370650099,35.99,-77.58,18,05/01/11,07/04/16
24691,370650099,Leggett (#4),US,NC,370650099,35.99,-77.58,18,07/05/16,10/31/18
10445,370670022,Hattie Avenue (#3),US,NC,370670022,36.11,-80.23,284,01/01/07,12/30/17
34155,370670030,Clemmons Middle (#3),US,NC,370670030,36.03,-80.34,245,09/01/06,12/31/17
10834,370710016,Grier School (#3),US,NC,370710016,35.25,-81.15,243,02/07/06,02/04/15
10580,370810013,Mendenhall School (#3),US,NC,370810013,36.11,-79.8,247,01/01/06,11/16/15
98346,371050002,Blackstone (#3),US,NC,371050002,35.43,-79.29,131,01/01/16,07/31/18
10250,371110004,Marion Sch. (#3),US,NC,371110004,35.69,-81.99,444,01/03/06,12/31/15
25643,371170001,Jamesville School (#3),US,NC,371170001,35.81,-76.91,14,01/01/06,12/31/15
10277,371190041,Garinger High School (#3),US,NC,371190041,35.24,-80.79,232,01/01/05,03/31/16
10277,371190041,Garinger High School (#4),US,NC,371190041,35.24,-80.79,232,04/01/16,02/28/17
10278,371190042,Montclaire Elementary School (#3),US,NC,371190042,35.15,-80.87,209,01/01/05,03/14/17
10278,371190042,Montclaire Elementary School (#4),US,NC,371190042,35.15,-80.87,209,04/03/17,04/30/18
100744,371190045,Remount (#4),US,NC,371190045,35.21,-80.87,194,01/20/17,03/31/18
10274,371290002,Castle Hayne (#3),US,NC,371290002,34.36,-77.84,12,01/01/06,12/31/15
41910,371470006,Pitt Agri. Center (#3),US,NC,371470006,35.64,-77.36,7,04/08/16,10/31/18
25659,371590021,Rockwell (#3),US,NC,371590021,35.55,-80.4,240,12/10/06,01/02/15
10033,371730002,Bryson City (#3),US,NC,371730002,35.43,-83.44,560,01/01/06,05/28/11
10063,371830014,Millbrook School (#3),US,NC,371830014,35.86,-78.57,100,01/01/06,01/28/11
10090,371910005,Dillard School (#3),US,NC,371910005,35.37,-77.99,33,04/19/06,07/22/15
34513,390010001,West Union (#3),US,OH,390010001,38.79,-83.53,299,01/01/10,08/31/18
42125,390030009,Lima (#3),US,OH,390030009,40.77,-84.05,268,01/01/10,08/31/18
10669,390230005,Springfield Fire St1 (#3),US,OH,390230005,39.93,-83.81,297,01/01/10,01/25/18
34596,390250022,Batavia (#3),US,OH,390250022,39.08,-84.14,262,01/01/10,09/30/18
9685,390350038,St Theodosius (#3),US,OH,390350038,41.48,-81.68,202,01/01/10,05/28/11
9752,390350060,Gt Craig Ncore (#3),US,OH,390350060,41.49,-81.68,206,01/01/10,06/30/12
23527,390490029,New Albany (#3),US,OH,390490029,40.08,-82.82,311,01/27/10,09/30/18
24755,390490034,Fairgrounds (#3),US,OH,390490034,40,-82.99,250,01/01/10,09/30/18
98349,390490038,Smoky Row Near Road (#3),US,OH,390490038,40.11,-83.07,270,07/13/18,09/27/18
23528,390570005,Yellow Springs (#3),US,OH,390570005,39.81,-83.89,293,01/01/10,01/25/18
26179,390610006,Sycamore (#3),US,OH,390610006,39.28,-84.37,259,01/01/10,01/08/15
26180,390610010,Colerain (#3),US,OH,390610010,39.21,-84.69,158,07/01/11,09/30/18
10355,390610040,Taft (#3),US,OH,390610040,39.13,-84.5,256,01/01/10,03/12/15
23529,390810017,Stuebenville (#3),US,OH,390810017,40.37,-80.62,222,01/01/10,08/31/18
42159,390850007,Painesville (#3),US,OH,390850007,41.73,-81.24,203,01/01/10,08/31/18
41231,390870012,Odot Ironton (#3),US,OH,390870012,38.51,-82.66,163,04/01/10,08/31/18
9703,390933002,Barr School (#3),US,OH,390933002,41.46,-82.11,180,01/01/10,08/31/18
9406,390950024,Erie (#3),US,OH,390950024,41.64,-83.55,176,02/11/10,09/30/18
23163,390990014,Headstart (#3),US,OH,390990014,41.1,-80.66,286,01/01/10,08/31/18
9541,391130032,Library (Dayton Public (#3),US,OH,391130032,39.76,-84.19,229,01/01/10,09/29/14
98783,391130038,Sinclair (#3),US,OH,391130038,39.76,-84.2,220,10/01/14,01/25/18
9224,391351001,Preble Ncore (#3),US,OH,391351001,39.84,-84.72,357,01/01/10,01/22/18
9030,391510020,Canton (#3),US,OH,391510020,40.8,-81.37,311,01/01/10,05/13/16
9078,391530017,East Hs (#3),US,OH,391530017,41.06,-81.47,310,03/01/12,09/30/12
24803,391550005,Laird (#3),US,OH,391550005,41.23,-80.8,282,01/01/10,05/31/15
100894,391550014,Laird Eng Bldg (#3),US,OH,391550014,41.23,-80.8,277,01/01/16,08/31/18
35228,391650007,Lebanon (#3),US,OH,391650007,39.43,-84.2,234,01/01/10,09/30/18
35266,400019009,Stilwell (#2),US,OK,400019009,35.75,-94.67,300,02/28/11,06/30/18
35280,400190297,Healdton Lake (#3),US,OK,400190297,34.24,-97.46,290,01/01/09,03/05/13
39335,400270049,Moore Water Tower (#3),US,OK,400270049,35.32,-97.48,372,01/01/09,05/08/13
41277,400310651,Lawton North (#3),US,OK,400310651,34.63,-98.43,362,01/01/09,04/05/13
35306,400430860,Seiling Municipal Airport (#3),US,OK,400430860,36.16,-98.93,533,01/01/09,08/19/14
8923,400710602,Ponca City Senior Center (#3),US,OK,400710602,36.7,-97.09,308,01/01/09,03/01/11
98253,400719030,Kanza Travel Plaza,US,OK,400719030,36.94,-97.34,324,10/01/12,09/30/18
100817,400819025,Locted Behind The Kickapoo Community Childcare ...,US,OK,400819025,35.49,-97.09,349,03/20/15,01/18/17
8640,401091037,Okc North (#3),US,OK,401091037,35.61,-97.48,354,01/01/09,05/16/13
8301,401159004,Quapaw Shelter (#3),US,OK,401159004,36.92,-94.84,247,04/01/07,06/30/18
24822,401159005,2151 South 570 Road (#3),US,OK,401159005,36.99,-94.85,272,04/03/07,03/31/08
24824,401159007,713 West A Street,US,OK,401159007,36.99,-94.84,273,09/15/10,06/30/18
100946,401159027,14026 S. 645 Road,US,OK,401159027,36.8,-94.73,233,01/19/17,10/18/18
8305,401210415,Mcalester Municipal Airport (#3),US,OK,401210415,34.89,-95.78,231,01/01/09,11/30/11
60096,401359021,"207 Cherokee Boulevard, Roland, Ok  74954",US,OK,401359021,35.41,-94.52,137,12/11/17,06/30/18
26216,401430174,Tulsa South (#3),US,OK,401430174,35.95,-96,223,01/01/09,05/28/13
9139,401431127,North Tulsa - Fire Station#24 (#3),US,OK,401431127,36.2,-95.98,198,01/01/09,06/26/13
41300,410010003,"3165 10Th St, Usfs District Office (#3)",US,OR,410010003,44.79,-117.84,1043,04/01/05,11/03/05
41301,410010004,Us Forest Service Office - Baker City (#3),US,OR,410010004,44.79,-117.84,1047,11/03/05,12/31/17
9175,410030013,Nw Corner Of Athletic Field At Highland View In...,US,OR,410030013,44.59,-123.27,71,01/01/04,12/31/17
24831,410050004,Carus Trailer/Spangler Rd (#3),US,OR,410050004,45.26,-122.59,174,01/01/04,09/30/17
35496,410050102,"Multorpor-Ski Bowl, Mt. Hood Wilderness (#3)",US,OR,410050102,45.29,-121.78,1547,06/30/05,09/05/17
9964,410090004,Sauvie Island-Sis (#3),US,OR,410090004,45.77,-122.77,6,05/01/04,12/31/17
98116,410111036,Ctclusi Radar Hill - Or,US,OR,410111036,43.38,-124.26,83,11/16/11,12/31/13
42100,410130100,Prineville - Davidson Park (#3),US,OR,410130100,44.3,-120.84,873,11/12/08,12/31/17
98117,410170004,Sisters Forest Service Station (Sfs) (#3),US,OR,410170004,44.29,-121.56,975,05/17/11,12/31/17
8506,410170120,Open Field/Residential Area By Deschutes River....,US,OR,410170120,44.06,-121.31,1105,01/01/04,12/31/17
35518,410190002,"Roseburg, Or; Blm Office - Rgv (#3)",US,OR,410190002,43.23,-123.36,136,08/23/05,12/31/17
35519,410190003,"147 Main St., Riddle, Or (#3)",US,OR,410190003,42.95,-123.36,148,11/01/05,04/03/06
41309,410230001,"116 Nw Bridge St., John Day, Or (#3)",US,OR,410230001,44.42,-118.95,3,01/01/05,03/02/11
98118,410230002,John Day Dayton (Jdd) (#3),US,OR,410230002,44.42,-118.95,939,03/02/11,12/31/17
8460,410250002,Located In Back Yard Approx 50 Feet From House ...,US,OR,410250002,43.59,-119.05,1264,01/01/04,03/31/10
60035,410250003,Burns - Washington Park (Bws) (#3),US,OR,410250003,43.59,-119.05,1267,09/16/09,12/31/17
41310,410290019,Shady Cove School (Scs) (#3),US,OR,410290019,42.62,-122.81,438,04/05/05,12/31/17
8447,410290133,Medford - Grant & Belmont Sts. (Mgb) (#3),US,OR,410290133,42.31,-122.88,405,01/01/04,12/31/17
100990,410290203,Ashland Fire Department (Afd) 455 Siskiyou Blvd...,US,OR,410290203,42.19,-122.71,596,07/13/16,12/31/17
24835,410294001,Post Office/751 Crater Lake Hwy (#3),US,OR,410294001,42.43,-122.85,398,12/10/04,12/31/06
41914,410310007,"410 Sw 4Th Street, Madras (Mws) (#3)",US,OR,410310007,44.63,-121.13,873,10/28/08,09/30/17
98119,410310008,"674 Buff St, Madras (Mbs) (#3)",US,OR,410310008,44.63,-121.12,688,08/07/12,09/30/12
77371,410311034,Family Resource Center,US,OR,410311034,44.76,-121.27,529,04/01/09,09/30/13
35551,410330010,Iva (#3),US,OR,410330010,42.1,-123.68,421,01/01/05,05/25/11
35552,410330011,"Provolt, Or  At The Blm Seed Orchard (#3)",US,OR,410330011,42.29,-123.23,359,01/01/05,12/31/17
98120,410330036,Cave Junction - Usfs Office (Cjfs) (#3),US,OR,410330036,42.16,-123.65,1337,05/25/11,12/31/17
23194,410330114,Grants Pass Parkside School (#3),US,OR,410330114,42.43,-123.35,0,01/01/04,12/31/17
8508,410350004,Klamath Falls - Peterson School (#3),US,OR,410350004,42.19,-121.73,1244,01/01/04,12/31/17
41915,410350015,Klamath Falls Background (Kfb) At Lower Klamath...,US,OR,410350015,42,-121.7,1244,11/21/08,10/07/10
41314,410351002,Crater Lake National Park - Maintenance Bldg (C...,US,OR,410351002,42.9,-122.14,1957,06/23/05,09/30/15
8468,410370001,"Lakeview, Center & M St.  (Lcm) (#3)",US,OR,410370001,42.19,-120.35,1448,01/01/04,12/31/17
24844,410390013,Lane Comm College/1059 Willamette (#3),US,OR,410390013,44.05,-123.09,141,01/01/06,12/31/10
98121,410390059,Eugene - Hwy 99 (E99) (#3),US,OR,410390059,44.07,-123.14,123,10/01/11,09/30/18
9329,410390060,Eugene - Amazon Park (Eap) (#3),US,OR,410390060,44.03,-123.08,133,01/01/04,09/30/18
60037,410390100,Florence Dept Of Forestry (Fdf) 2660 Kingwood S...,US,OR,410390100,43.99,-124.11,1,04/19/08,09/30/09
60038,410390101,Eugene - Met At Wilkes Dr (#3),US,OR,410390101,44.12,-123.12,112,01/30/15,09/30/18
24847,410391009,Springfield - City Hall (#3),US,OR,410391009,44.05,-123.02,146,01/01/04,09/30/18
8976,410392013,Oakridge - (Oak) (#3),US,OR,410392013,43.74,-122.48,341,01/01/04,09/30/18
41916,410399004,Cottage Grove - City Shops (Cgc) (#3),US,OR,410399004,43.8,-123.05,196,01/01/08,09/30/18
8992,410430009,Albany - Caliapooia School (#3),US,OR,410430009,44.62,-123.09,72,05/12/04,12/31/17
35598,410430103,Big Lake - Visibility (#3),US,OR,410430103,44.38,-121.86,1426,06/29/07,09/30/11
41319,410432002,Sweet Home - Fd  (Sfd) (#3),US,OR,410432002,44.4,-122.73,138,01/01/08,12/31/17
98355,410432003,"Mari-Lynn Elementary, 641 Fifth St, Lyons (Fiel...",US,OR,410432003,44.78,-122.62,202,08/01/14,09/30/15
77372,410470007,Silverton - (Sjw) (#3),US,OR,410470007,45.01,-122.79,67,07/07/10,09/30/17
9004,410470040,Field Between Medical Cntr Dr & 23Rd (E&W) And ...,US,OR,410470040,44.94,-123.01,182,01/01/04,11/19/04
41322,410470041,Salem - State Hospital (#3),US,OR,410470041,44.94,-123.01,182,12/17/04,12/31/17
8763,410510080,Portland - Se Lafayette (#3),US,OR,410510080,45.5,-122.6,69,01/01/04,12/31/17
8392,410510246,"West End Of Athletic Field With N Emerson N, N ...",US,OR,410510246,45.56,-122.67,63,01/01/04,06/30/11
100932,410512008,Gresham Learning Centennial - 17630 Se Main St....,US,OR,410512008,45.51,-122.48,77,02/16/17,12/31/17
8768,410590121,Pendleton - Mckay Creek (#3),US,OR,410590121,45.65,-118.82,326,01/01/04,12/31/17
41337,410591003,Hermiston - Municipal Airport (Hma) (#3),US,OR,410591003,45.83,-119.26,196,10/01/07,03/05/08
41339,410610118,"On Top Of Mt. Harris, Closest City Is Imbler (#3)",US,OR,410610118,45.44,-117.9,1543,06/22/05,10/01/05
23533,410610119,La Grande Ash Street (#3),US,OR,410610119,45.34,-118.1,848,01/01/04,09/12/16
41340,410610120,Cove City Hall (Cch) (#3),US,OR,410610120,45.3,-117.81,848,01/01/08,09/30/17
41341,410610121,Mt. Fanny - Visability (Mtf) (#3),US,OR,410610121,45.31,-117.73,2174,08/11/08,09/30/15
101038,410610123,La Grande Hall And N St. (Lhn) (#3),US,OR,410610123,45.32,-118.08,844,09/12/16,12/31/17
41342,410630001,Enterprise - Usfs (#3),US,OR,410630001,45.43,-117.3,1163,01/01/05,12/31/17
8780,410650007,The Dalles - Cherry Drive (#3),US,OR,410650007,45.6,-121.2,83,05/13/04,12/31/17
101368,410650008,"The Dalles Wasco Library (Twl) 722 Court St., T...",US,OR,410650008,45.6,-121.18,55,11/02/17,12/31/17
35687,410670004,Hillsboro - Hare Field (#3),US,OR,410670004,45.53,-122.97,16,01/27/05,12/31/17
98356,410670005,"6745 Bradbury Court, Tualatin, Or  (No2 Roadway...",US,OR,410670005,45.39,-122.75,53,10/01/17,12/31/17
8403,410670111,Beaverton - Highland Park (#3),US,OR,410670111,45.47,-122.82,58,04/16/04,12/31/17
8405,410671003,Vacant Lot Surrounded By Residences (#3),US,OR,410671003,45.52,-122.97,60,04/01/04,08/24/04
41918,410711002,Newby School						 Mcminnville - Nw 2Nd Street ...,US,OR,410711002,45.21,-123.21,45,06/07/08,06/30/11
8793,420030008,Lawrenceville (#3),US,PA,420030008,40.47,-79.96,256,01/01/06,05/06/15
8793,420030008,Lawrenceville (#4),US,PA,420030008,40.47,-79.96,256,08/11/15,03/31/16
8834,420030064,Liberty (#3),US,PA,420030064,40.32,-79.87,0,01/01/06,09/30/18
8375,421010004,Air Management Services Laboratory (Ams Lab),US,PA,421010004,40.01,-75.1,22,05/23/06,12/31/10
7616,421010024,North East Airport (Nea),US,PA,421010024,40.08,-75.01,28,08/14/06,01/03/11
18521,421010047,Community Health Services (Chs),US,PA,421010047,39.94,-75.17,21,09/14/11,03/30/13
36180,421010055,Ritner (Rit),US,PA,421010055,39.92,-75.19,4,07/01/11,03/30/13
18184,450190046,Cape Romain (#3),US,SC,450190046,32.94,-79.66,3,01/01/11,10/31/18
18184,450190046,Cape Romain (#4),US,SC,450190046,32.94,-79.66,3,01/01/11,04/13/16
18188,450190049,Charleston Public Works (#3),US,SC,450190049,32.79,-79.96,2,02/26/08,10/31/18
18306,450250001,Chesterfield (#3),US,SC,450250001,34.62,-80.2,133,12/01/12,10/31/18
18191,450290002,Ashton (#3),US,SC,450290002,33.01,-80.97,35,01/01/11,10/31/18
18727,450370001,Trenton (#3),US,SC,450370001,33.74,-81.85,190,01/01/11,10/31/18
41930,450410003,Williams Middle School (#3),US,SC,450410003,34.21,-79.77,44,12/01/12,10/31/18
18103,450450008,Greenville Health Dept (#3),US,SC,450450008,34.84,-82.4,288,02/15/05,01/07/10
18238,450630008,Irmo (#3),US,SC,450630008,34.05,-81.15,69,08/04/11,08/31/15
17898,450790007,Parklane (#3),US,SC,450790007,34.09,-80.96,107,12/01/12,10/31/18
42135,450830011,T.K. Gregg (#3),US,SC,450830011,34.96,-81.92,232,01/01/11,10/31/18
12822,470090011,Maryville Pm 2.5 Monitors (#3),US,TN,470090011,35.77,-83.94,320,01/01/17,03/31/17
39339,470090101,Great Smoky Mountains Np - Look Rock (#3),US,TN,470090101,35.63,-83.94,801,01/01/17,03/31/18
18548,470370023,Lockeland (#3),US,TN,470370023,36.18,-86.74,160,03/01/01,06/30/18
12806,470990002,Lawrence Co Ozone Monitor (#3),US,TN,470990002,35.12,-87.47,252,01/01/17,03/31/17
25646,471130006,Jackson Pm 2.5 Monitor (#3),US,TN,471130006,35.65,-88.81,490,01/01/17,03/31/17
39348,471570024,Alabama Ave. Station (#3),US,TN,471570024,35.15,-90.04,83,01/01/03,07/24/11
18657,471570038,Jackson Park School (#3),US,TN,471570038,35.18,-89.93,79,05/04/02,03/31/08
77289,471570075,Memphis Ncore Site (#3),US,TN,471570075,35.15,-89.85,87,04/08/11,06/30/18
26273,480290032,San Antonio Northwest (#3),US,TX,480290032,29.52,-98.62,280,01/04/07,09/30/18
12905,480290053,Selma (#3),US,TX,480290053,29.59,-98.31,226,01/01/05,12/29/17
23548,480290055,Cps Pecan Valley (#3),US,TX,480290055,29.41,-98.43,189,01/01/05,11/23/15
23549,480290059,Calaveras Lake (#3),US,TX,480290059,29.28,-98.31,151,01/01/05,07/31/18
41939,480290622,7145 Gardner Roas (#3),US,TX,480290622,29.35,-98.33,165,01/01/08,06/30/10
36974,480290676,Palo Alto (#3),US,TX,480290676,29.33,-98.55,195,01/01/07,09/30/18
36975,480290677,Old Hwy 90 (#3),US,TX,480290677,29.42,-98.58,221,01/01/07,09/30/18
100910,480371031,Texarkana New Boston (#3),US,TX,480371031,33.44,-94.08,92,05/04/16,08/31/18
12085,480430101,Big Bend Np - K-Bar Ranch Road (#3),US,TX,480430101,29.3,-103.18,1057,02/06/08,11/30/16
23550,480610006,Brownsville (#3),US,TX,480610006,25.89,-97.49,6,01/01/05,08/11/16
36999,480612004,Isla Blanca Park (#3),US,TX,480612004,26.07,-97.16,0,06/24/13,08/31/18
725,481130069,Dallas Hinton (#3),US,TX,481130069,32.82,-96.86,127,01/03/05,12/24/15
23551,481133003,Sunnyvale Long Creek (#3),US,TX,481133003,32.77,-96.55,0,01/01/05,08/31/05
23552,481210034,Denton Airport South (#3),US,TX,481210034,33.22,-97.2,183,01/01/05,06/30/18
12254,481350003,Odessa-Hays Elementary School (#3),US,TX,481350003,31.84,-102.34,883,01/01/05,12/31/16
23554,481351014,Odessa Gonzales (#3),US,TX,481351014,31.87,-102.33,884,01/01/05,07/08/18
12196,481390015,North Of Tower Rd. & Waterworks Rd. Intersectio...,US,TX,481390015,32.44,-97.03,0,01/01/05,08/22/07
24984,481390016,Midlothian Ofw (#3),US,TX,481390016,32.48,-97.03,195,04/06/06,06/30/18
23555,481390017,West Of Ward & Wyatt Rd. Intersection (#3),US,TX,481390017,32.47,-97.04,0,01/01/05,03/30/06
41578,481391044,Italy (#3),US,TX,481391044,32.18,-96.87,165,09/01/07,12/06/16
12762,481410037,El Paso Utep (#3),US,TX,481410037,31.77,-106.5,1158,01/01/05,06/30/18
12768,481410044,El Paso Chamizal (#3),US,TX,481410044,31.77,-106.46,1122,12/15/05,11/16/10
12772,481410053,El Paso Sun Metro (#3),US,TX,481410053,31.76,-106.5,1128,01/01/05,12/04/12
24989,481410055,Ascarate Park Se (#3),US,TX,481410055,31.75,-106.4,1122,01/12/05,06/30/18
12773,481410057,Socorro Hueco (#3),US,TX,481410057,31.67,-106.29,1118,12/05/12,06/30/18
41587,481490001,Fayette County (#3),US,TX,481490001,29.96,-96.75,85,01/01/05,07/31/18
12485,481670014,Galveston Island (#3),US,TX,481670014,29.26,-94.86,0,01/01/05,03/20/07
41588,481671034,Galveston 99Th Street (#3),US,TX,481671034,29.25,-94.86,5,03/21/07,06/30/18
12463,482010024,Houston Aldine (#3),US,TX,482010024,29.9,-95.33,24,01/01/05,06/30/18
12465,482010026,Channelview (#3),US,TX,482010026,29.8,-95.13,12,01/01/05,07/24/13
12467,482010058,Baytown (#3),US,TX,482010058,29.77,-95.03,9,07/30/13,12/31/16
37210,482010416,Park Place (#3),US,TX,482010416,29.69,-95.29,10,02/22/06,12/31/14
12488,482011034,Houston East (#3),US,TX,482011034,29.77,-95.22,9,01/01/05,03/07/17
12090,482011035,Clinton (#3),US,TX,482011035,29.73,-95.26,13,01/01/05,09/30/18
930,482011039,Houston Deer Park #2 (#3),US,TX,482011039,29.67,-95.13,6,01/01/05,06/30/18
23556,482011042,Kingwood (#3),US,TX,482011042,30.06,-95.19,20,01/01/05,12/31/16
23557,482011050,Seabrook Friendship Park (#3),US,TX,482011050,29.58,-95.02,0,01/01/05,06/30/18
931,482030002,Karnack (#3),US,TX,482030002,32.67,-94.17,72,01/01/05,08/31/18
12515,482150043,Mission (#3),US,TX,482150043,26.23,-98.29,37,01/01/05,01/16/18
23166,482430004,Mcdonald Observatory (#3),US,TX,482430004,30.67,-104.02,1829,11/17/05,12/16/10
23558,482450020,Carroll Street Park (#3),US,TX,482450020,30.07,-94.08,6,01/01/05,07/30/08
12534,482450021,Port Arthur Memorial School (#3),US,TX,482450021,29.92,-93.91,0,01/01/05,07/25/17
12537,482450022,Hamshire (#3),US,TX,482450022,29.86,-94.32,5,01/01/05,05/14/16
77317,482451050,Beaumont Mary (#3),US,TX,482451050,30.07,-94.09,10,10/13/10,12/31/14
12562,482570005,Kaufman (#3),US,TX,482570005,32.56,-96.32,128,01/01/05,06/30/18
23167,482730314,National Seashore (#3),US,TX,482730314,27.43,-97.3,0,01/01/05,03/09/18
12579,483030001,Ne Of 5Th Street & Avenue K Intersection (#3),US,TX,483030001,33.59,-101.85,975,01/01/05,06/22/05
41942,483030325,Lubbock-Pm25 (#3),US,TX,483030325,33.59,-101.85,900,08/25/08,11/17/14
100890,483031028,Lubbock 12Th Street (#3),US,TX,483031028,33.59,-101.79,501,08/13/16,07/10/18
41614,483091037,Waco Mazanec (#3),US,TX,483091037,31.65,-97.07,143,04/20/07,07/31/18
37324,483230004,Eagle Pass (#3),US,TX,483230004,28.7,-100.45,255,08/23/05,03/26/18
12600,483390078,Conroe Relocated (#3),US,TX,483390078,30.35,-95.43,77,01/01/05,06/30/18
42055,483491051,Corsicana Airport (#3),US,TX,483491051,32.03,-96.4,128,06/22/09,06/30/18
23559,483550025,Corpus Christi West (#3),US,TX,483550025,27.77,-97.43,12,01/01/05,06/10/13
12176,483550034,Dona Park (#3),US,TX,483550034,27.81,-97.47,6,06/11/13,06/30/18
23168,483611100,Intersection Of Tx Hwys 62 And 12 (#3),US,TX,483611100,30.19,-93.87,0,01/01/05,07/26/17
12229,483750005,Amarillo  C305 (#3),US,TX,483750005,35.21,-101.83,0,01/01/05,04/11/05
39320,483750320,Amarillo A&M (#3),US,TX,483750320,35.2,-101.91,1122,04/12/05,07/11/18
12302,484391006,Haws Athletic Center (#3),US,TX,484391006,32.76,-97.34,165,01/01/05,06/25/18
23560,484393008,Ne Of Hardy & Ne 36Th Streets Intersection (#3),US,TX,484393008,32.81,-97.34,0,01/01/05,08/31/05
23561,484393009,Grapevine Fairway (#3),US,TX,484393009,32.98,-97.06,165,01/01/05,08/31/05
23562,484393011,Arlington Municipal Airport (#3),US,TX,484393011,32.66,-97.09,183,01/01/05,06/30/18
39340,484530014,Austin Northwest (#3),US,TX,484530014,30.35,-97.76,232,01/01/05,07/31/18
12343,484530020,Austin Audubon Society (#3),US,TX,484530020,30.48,-97.87,327,01/01/05,10/02/17
12344,484530021,Austin Webberville Rd (#3),US,TX,484530021,30.26,-97.71,152,10/05/12,09/19/16
23565,484790313,World Trade Bridge (#3),US,TX,484790313,27.6,-99.53,146,01/01/05,03/01/18
37455,484850315,Wichita Falls (#3),US,TX,484850315,33.86,-98.57,311,03/15/05,02/23/14
894,490030003,Brigham City (#3),US,UT,490030003,41.49,-112.02,1334,12/17/09,12/31/15
908,490050004,Logan #4 (#3),US,UT,490050004,41.73,-111.84,1380,01/01/06,12/04/15
98157,490130002,290 S. 1000 W. (#3),US,UT,490130002,40.29,-110.01,1596,02/13/12,12/31/14
677,490353006,Hawthorne,US,UT,490353006,40.74,-111.87,1306,07/01/10,12/31/14
677,490353006,Hawthorne (#3),US,UT,490353006,40.74,-111.87,1306,01/01/06,12/31/14
37520,490450003,Tooele (#3),US,UT,490450003,40.54,-112.3,1511,07/20/07,03/07/16
42058,490472002,2 Miles West Of Redwash Atop Deadman'S Bench,US,UT,490472002,40.21,-109.35,1702,10/07/09,05/31/14
42059,490472003,2 Miles South Of Ouray And South Of The White A...,US,UT,490472003,40.06,-109.69,1467,10/09/09,05/31/14
703,490490002,North Provo (#3),US,UT,490490002,40.25,-111.66,1402,01/01/11,10/20/15
1066,490494001,Lindon (#3),US,UT,490494001,40.34,-111.71,1442,01/01/06,09/28/15
98164,490530007,"147 N 870 W, Hurrricane, Utah (#3)",US,UT,490530007,37.18,-113.31,846,09/04/12,12/31/14
1080,490570002,Ogden (#3),US,UT,490570002,41.21,-111.98,1316,01/01/06,12/31/15
23567,500030004,Morse Airport - State Of Vermont Property (#3),US,VT,500030004,42.89,-73.25,241,01/01/08,10/29/14
1101,500070007,Proctor Maple Research Ctr (#3),US,VT,500070007,44.53,-72.87,392,01/17/08,12/31/13
23568,500070014,City Of Burlington Parking Lot (#3),US,VT,500070014,44.48,-73.21,63,01/01/08,12/31/13
12214,500210002,State Of Vermont District Court Parking Lot (#3),US,VT,500210002,43.61,-72.98,165,01/01/08,03/31/11
12214,500210002,State Of Vermont District Court Parking Lot (#4),US,VT,500210002,43.61,-72.98,165,01/01/11,12/31/13
41956,510030001,Albemarle High School (#3),US,VA,510030001,38.08,-78.5,172,01/01/11,05/11/16
1266,510590030,Lee District Park (#3),US,VA,510590030,38.77,-77.1,68,03/01/11,06/28/18
26308,510690010,Rest (#3),US,VA,510690010,39.28,-78.08,192,01/01/11,06/30/18
1035,510870014,Mathscience Innovation Center (#3),US,VA,510870014,37.56,-77.4,59,01/01/11,06/30/18
26311,511130003,Shenandoah Np - Big Meadows (#3),US,VA,511130003,38.52,-78.43,1068,01/01/11,06/30/18
26313,511611004,East Vinton Elementary School (#3),US,VA,511611004,37.28,-79.88,340,06/02/14,06/30/18
60089,516500008,Nasa Langley Research Center (#3),US,VA,516500008,37.1,-76.39,2,03/01/11,03/29/17
37900,517700015,Round Hill Montessori School (#3),US,VA,517700015,37.3,-79.96,329,03/01/11,03/07/13
16625,530010003,Ritzville - Alder St (#4),US,WA,530010003,47.12,-118.38,550,10/01/02,07/31/18
25063,530030004,Clarkston - 13Th St (#4),US,WA,530030004,46.43,-117.06,250,03/07/07,07/30/18
16288,530050002,Kennewick - Metaline (#3),US,WA,530050002,46.22,-119.2,162,04/05/01,02/18/06
16288,530050002,Kennewick - Metaline (#4),US,WA,530050002,46.22,-119.2,162,10/19/05,07/31/18
41748,530070003,Chalan-E Wapato (Cheewap) (#4),US,WA,530070003,47.84,-120.02,337,12/12/07,05/01/08
25066,530070006,Wenatchee - Alaska Way (#3),US,WA,530070006,47.41,-120.32,5,09/01/04,10/10/07
25066,530070006,Wenatchee - Alaska Way (#4),US,WA,530070006,47.41,-120.32,5,10/10/07,02/28/13
41749,530070007,Chelan - Woodin Ave (#4),US,WA,530070007,47.84,-120.02,327,09/06/16,07/31/18
37935,530070010,Leavenworth - Evans St (#4),US,WA,530070010,47.6,-120.66,357,07/01/05,07/31/18
98262,530070011,Wenatchee-Fifth St (#4),US,WA,530070011,47.43,-120.34,260,04/01/17,07/31/18
16734,530090009,Port Angeles- W 14Th St (#4),US,WA,530090009,48.12,-123.46,75,10/01/02,03/18/15
37943,530090013,Cheeka Peak (#4),US,WA,530090013,48.3,-124.62,466,05/17/06,07/31/18
41754,530090014,Neah Bay (Makah Tribe) (#4),US,WA,530090014,48.37,-124.6,2,10/02/07,02/24/10
60045,530090015,Neah Bay 2-Makah Tribe (#4),US,WA,530090015,48.37,-124.61,1,02/16/10,07/31/18
100784,530090017,Port Angeles - 5Th St (#4),US,WA,530090017,48.12,-123.44,75,04/06/15,07/31/18
16656,530110013,Vancouver - 4Th Pl Blvd E (#3),US,WA,530110013,45.65,-122.59,71,08/14/00,04/19/07
16656,530110013,Vancouver - 4Th Pl Blvd E (#4),US,WA,530110013,45.65,-122.59,71,04/20/07,12/31/12
41760,530110019,Vancouver - Macarthur Blvd (#4),US,WA,530110019,45.62,-122.61,0,05/17/07,12/14/09
23570,530110022,Yacolt - Yacolt Rd (#4),US,WA,530110022,45.86,-122.41,213,05/02/07,07/31/18
98367,530110023,Vancouver-Ne Vancouver Plaza Dr (#4),US,WA,530110023,45.65,-122.59,77,09/01/14,12/30/14
100785,530110024,Vancouver-Ne 84Th Ave (#4),US,WA,530110024,45.64,-122.59,54,10/01/14,02/09/15
23571,530130001,Starbuck - 6Th Ave (#4),US,WA,530130001,46.53,-118.22,60,09/18/03,02/05/09
41959,530130002,Dayton - W Main (#4),US,WA,530130002,46.32,-117.98,464,02/05/09,07/31/18
1193,530150015,Longview - 30Th Ave (#4),US,WA,530150015,46.14,-122.96,13,03/06/03,07/31/18
23572,530210002,Mesa - Pepoit Way (#4),US,WA,530210002,46.58,-119,224,01/15/03,07/31/18
101417,530230001,Pomeroy Sewage Treatment Plant (#4),US,WA,530230001,46.47,-117.61,549,06/27/17,07/31/18
98167,530250002,Mobile - Quincy2 (#4),US,WA,530250002,47.23,-119.86,1276,01/06/12,04/30/12
23573,530251002,Moses Lake - Balsam St (#4),US,WA,530251002,47.13,-119.27,325,01/01/04,07/31/18
101418,530251003,Quincy-3Rd Ave Ne (#4),US,WA,530251003,47.24,-119.85,397,08/14/17,07/31/18
41765,530270008,Oakville - Howanut Dr (Chehalis Tribe) (#4),US,WA,530270008,46.82,-123.2,27,11/22/06,06/30/15
41766,530270011,Taholah-Chitwin Drive (#4),US,WA,530270011,47.21,-124.17,14,04/28/04,07/31/18
23202,530272002,Aberdeen - Division St (#4),US,WA,530272002,46.97,-123.83,1,10/01/02,07/31/18
1209,530310003,Port Townsend-San Juan (#4),US,WA,530310003,48.13,-122.78,20,10/01/02,07/31/18
26322,530330010,Issaquah -  Lake Sammamish (Wiithin Lake Sammam...,US,WA,530330010,47.55,-122.06,22,05/23/06,09/30/06
1212,530330017,North Bend - North Bend Way (#3),US,WA,530330017,47.49,-121.77,140,03/07/00,09/05/06
1212,530330017,North Bend - North Bend Way (#4),US,WA,530330017,47.49,-121.77,140,03/10/03,07/31/18
23574,530330023,Enumclaw - Mud Mtn (Army Corp Of Engineers Site...,US,WA,530330023,47.14,-121.94,402,10/08/04,09/30/10
1229,530330024,Lake Forest Park Towne Center (#3),US,WA,530330024,47.76,-122.28,16,01/01/00,01/31/10
1229,530330024,Lake Forest Park Towne Center (#4),US,WA,530330024,47.76,-122.28,16,01/07/03,07/31/18
1230,530330027,Redmond City Hall_15760 Ne 85Th Redmond Wa (#4),US,WA,530330027,47.79,-122.13,0,11/13/02,12/14/05
41769,530330028,Woodinville-133Rd Ave (#4),US,WA,530330028,47.75,-122.16,12,02/21/08,03/31/10
100986,530330031,Bellevue-Se 12Th St (#4),US,WA,530330031,47.6,-122.15,92,12/01/16,07/31/18
16434,530330033,Kent - East Smith St (Temporary Relocation For ...,US,WA,530330033,47.38,-122.23,0,02/07/00,02/06/01
16435,530330037,Bellevue -  Bellevue Way Ne (#4),US,WA,530330037,47.61,-122.2,52,03/10/03,05/12/17
23170,530330048,Seattle - Olive St (#4),US,WA,530330048,47.62,-122.33,51,03/01/03,08/06/14
16442,530330057,Seattle - Duwamish (#3),US,WA,530330057,47.56,-122.34,1,01/01/00,06/12/06
16442,530330057,Seattle - Duwamish (#4),US,WA,530330057,47.56,-122.34,1,01/01/03,12/31/09
16442,530330057,Seattle - Duwamish (#7),US,WA,530330057,47.56,-122.34,1,11/01/08,10/31/09
101436,530330069,"11675 44Th Ave S, Tukwila, Wa 98178 (#4)",US,WA,530330069,47.5,-122.28,5,07/01/17,07/31/18
802,530330080,Seattle - Beacon Hill (#3),US,WA,530330080,47.57,-122.31,105,12/10/02,03/31/10
802,530330080,Seattle - Beacon Hill (#4),US,WA,530330080,47.57,-122.31,105,03/20/03,03/31/10
23575,530331011,Seattle - South Park #2 (#4),US,WA,530331011,47.53,-122.32,9,01/06/03,07/31/18
16888,530332004,Kent - James & Central (#3),US,WA,530332004,47.39,-122.23,20,01/01/00,02/11/10
16888,530332004,Kent - James & Central (#4),US,WA,530332004,47.39,-122.23,20,01/01/03,06/30/07
25076,530351005,Meadowdale - Blackbird Dr (#4),US,WA,530351005,47.63,-122.64,54,01/01/07,04/30/12
25078,530370002,Ellensburg - Ruby St (#3),US,WA,530370002,46.99,-120.55,500,12/01/04,10/09/07
25078,530370002,Ellensburg - Ruby St (#4),US,WA,530370002,46.99,-120.55,500,10/09/07,07/31/18
98170,530390005,Mobile-Goldendale2 (#4),US,WA,530390005,45.81,-120.84,498,10/12/11,10/09/12
101442,530390006,111 Unnamed Rd. (#4),US,WA,530390006,45.74,-121.49,270,07/01/18,07/31/18
60046,530410004,Chehalis - Market Blvd (#4),US,WA,530410004,46.66,-122.97,34,12/29/09,07/31/18
16566,530450004,Shelton - Mt View Dr (#4),US,WA,530450004,47.23,-123.12,0,03/01/03,04/18/11
41776,530450006,Skokomish - Tribal Center (Skokomish Tribe) (#4),US,WA,530450006,47.33,-123.15,7,12/11/06,06/16/08
98171,530450007,Shelton - W Franklin (#4),US,WA,530450007,47.21,-123.1,23,04/20/11,07/31/18
101443,530470004,1331 2Nd Ave N (#4),US,WA,530470004,48.37,-119.57,263,06/20/17,05/31/18
41777,530470007,Twisp - Glover St (#4),US,WA,530470007,48.36,-120.12,481,10/01/02,11/03/03
25651,530470009,Twisp - Glover St (#4),US,WA,530470009,48.36,-120.12,492,11/05/03,07/31/18
41779,530470010,Winthrop - Chewuch Rd (#4),US,WA,530470010,48.48,-120.19,536,11/06/03,07/31/18
77339,530470013,Omak-Colville Tribe (#4),US,WA,530470013,48.4,-119.52,5,04/13/11,08/08/16
41783,530510007,Usk - Leclerc Rd (Kalispel Tribe) (#4),US,WA,530510007,48.35,-117.27,630,12/15/06,05/24/11
41789,530530022,Puyallup-66Th Ave E (Puyallup Tribe) (#4),US,WA,530530022,47.2,-122.34,10,01/30/08,09/30/14
16882,530530029,Tacoma - L Street (#3),US,WA,530530029,47.19,-122.45,103,11/02/00,12/31/09
16882,530530029,Tacoma - L Street (#4),US,WA,530530029,47.19,-122.45,103,01/01/03,10/31/09
1398,530530031,Tacoma - Alexander Ave (#3),US,WA,530530031,47.27,-122.39,1,08/25/00,09/30/05
1398,530530031,Tacoma - Alexander Ave (#4),US,WA,530530031,47.27,-122.39,1,01/01/03,07/31/18
41960,530530033,Tacoma-S 21St  (Aka Alaska Reservoir) (#4),US,WA,530530033,47.24,-122.46,119,12/15/08,10/31/09
41961,530530034,Tacoma_East M Akatacoma Portland Ave Reservoir ...,US,WA,530530034,47.23,-122.41,77,11/05/08,10/31/09
1401,530531018,Puyallup - 128Th St (#4),US,WA,530531018,47.14,-122.3,133,01/01/03,07/31/18
38103,530531020,Chief Leschi School (#4),US,WA,530531020,47.21,-122.36,7,10/12/04,11/02/06
41791,530531022,5722 66Th Avenue East (#3),US,WA,530531022,47.2,-122.34,7,11/16/06,10/25/07
41791,530531022,5722 66Th Avenue East (#4),US,WA,530531022,47.2,-122.34,7,11/03/06,03/26/07
41796,530570015,Mt Vernon - 2Nd Ave (#4),US,WA,530570015,48.41,-122.34,7,07/01/05,07/31/18
41800,530590001,Mt Zion - Hwy 14 (#4),US,WA,530590001,45.57,-122.2,130,11/03/06,06/07/07
41802,530590004,Bonneville Dam - Hwy 14 (#4),US,WA,530590004,45.65,-121.94,23,11/07/06,06/19/07
1461,530610005,Lynnwood - 212Th (#3),US,WA,530610005,47.81,-122.32,99,07/03/00,10/26/06
1461,530610005,Lynnwood - 212Th (#4),US,WA,530610005,47.81,-122.32,99,01/01/03,12/31/09
98173,530610011,Tulalip-Tulalip Tribe (#4),US,WA,530610011,48.07,-122.28,12,12/09/11,05/31/15
41803,530610020,Darrington - Fir St (Darrington High School) (#4),US,WA,530610020,48.25,-121.6,182,08/03/06,12/31/09
1463,530611007,Marysville - 7Th Ave (Marysville Junior High) (#3),US,WA,530611007,48.05,-122.17,2,01/01/00,01/29/10
1463,530611007,Marysville - 7Th Ave (Marysville Junior High) (#4),US,WA,530611007,48.05,-122.17,2,01/01/03,06/30/07
15946,530630016,Spokane - Ferry St (#3),US,WA,530630016,47.66,-117.36,590,01/01/00,03/25/09
42128,530630021,Spokane - Augusta Ave (#3),US,WA,530630021,47.67,-117.36,585,04/08/09,09/23/13
15936,530630047,Spokane - Monroe St (#3),US,WA,530630047,47.7,-117.43,1881,01/01/01,07/06/03
15936,530630047,Spokane - Monroe St (#4),US,WA,530630047,47.7,-117.43,1881,05/17/04,07/31/18
41815,530650002,Spokane - Wellpinit  Ford Rd (Spokane Tribe) (#3),US,WA,530650002,47.89,-117.99,743,10/10/06,10/15/08
41815,530650002,Spokane - Wellpinit  Ford Rd (Spokane Tribe) (#4),US,WA,530650002,47.89,-117.99,743,10/21/08,07/31/18
16717,530650004,Colville - Oak St S (#4),US,WA,530650004,48.54,-117.9,542,10/10/02,08/13/15
100914,530650005,Colville-E 1St (#4),US,WA,530650005,48.54,-117.9,71,10/25/15,07/31/18
16384,530670013,Lacey - College St (#3),US,WA,530670013,47.03,-122.82,70,08/29/00,01/17/07
16384,530670013,Lacey - College St (#4),US,WA,530670013,47.03,-122.82,70,10/01/02,07/31/18
15943,530710005,Walla Wall - 12Th St (#4),US,WA,530710005,46.06,-118.35,267,10/01/02,07/31/18
16382,530730015,Bellingham - Yew Street (#4),US,WA,530730015,48.76,-122.44,24,10/01/02,11/16/12
16392,530750003,Pullman - Dexter Ave 4 (#4),US,WA,530750003,46.72,-117.18,771,10/01/02,07/31/18
23576,530750005,Lacarosse - Hill St (#4),US,WA,530750005,46.82,-117.87,468,10/01/02,07/23/18
23577,530750006,Rosalia - Josephine St (#4),US,WA,530750006,47.23,-117.37,682,10/01/02,07/31/18
25093,530770005,Sunnyside-S16Th St (Harrison Middle School) (#4),US,WA,530770005,46.32,-120,155,09/15/15,07/31/18
15912,530770009,Yakima - 4Th Ave (#4),US,WA,530770009,46.6,-120.5,326,06/10/04,12/31/12
41822,530770015,Toppenish - Ward Rd (Yakama Tribe) (#3),US,WA,530770015,46.38,-120.33,216,02/08/06,01/15/09
41822,530770015,Toppenish - Ward Rd (Yakama Tribe) (#4),US,WA,530770015,46.38,-120.33,216,01/20/09,08/25/16
60049,530770016,White Swan-Yakama Tribe (#4),US,WA,530770016,46.38,-120.73,295,10/27/09,07/31/18
98264,530770017,Harrah-Yakama Tribe (#3),US,WA,530770017,46.41,-120.54,5,12/13/12,03/19/14
16524,540511002,"Moundsville - Ng Armory, 1501 Ninth Street (#3)",US,WV,540511002,39.92,-80.73,209,01/01/06,06/17/18
16233,550090005,Green Bay East High (#3),US,WI,550090005,44.51,-87.99,184,03/13/12,12/31/16
26335,550250041,Madison East (#3),US,WI,550250041,43.1,-89.36,260,04/23/12,12/31/16
26336,550270001,Horicon Wildlife Area (#3),US,WI,550270001,43.47,-88.62,287,08/26/11,12/31/16
98181,550350014,Eau Claire - Dot Sign Shop (#3),US,WI,550350014,44.76,-91.14,282,05/14/12,12/31/16
25110,550410007,Potawatomi (#3),US,WI,550410007,45.57,-88.81,559,02/09/12,12/31/16
16091,550430009,Potosi (#3),US,WI,550430009,42.69,-90.7,303,11/12/11,12/31/16
2606,550590019,Chiwaukee Prairie Stateline (#3),US,WI,550590019,42.5,-87.81,187,03/21/12,12/31/16
38540,550630012,Lacrosse - Dot Building (#3),US,WI,550630012,43.78,-91.23,667,05/25/12,12/31/16
2677,550790010,Milwaukee - Sixteenth St. Health Center (#3),US,WI,550790010,43.02,-87.93,200,10/17/12,12/31/16
2696,550790026,Milwaukee - Ser Dnr Hdqrs (#3),US,WI,550790026,43.06,-87.91,208,08/19/11,12/31/16
42037,550790058,Milwaukee - College Ave. Park & Ride (#3),US,WI,550790058,42.93,-87.93,747,03/01/12,12/31/16
3177,550870009,Appleton - Aal (#3),US,WI,550870009,44.31,-88.4,240,09/07/11,12/31/16
23579,550890009,Harrington Beach Park (#3),US,WI,550890009,43.5,-87.81,211,12/07/11,12/31/16
23580,551110007,Devils Lake Park (#7),US,WI,551110007,43.44,-89.68,392,03/02/12,12/31/16
23580,551110007,Devils Lake Park (#8),US,WI,551110007,43.44,-89.68,392,03/02/12,12/31/16
3016,551198001,Perkinstown (#3),US,WI,551198001,45.21,-90.6,522,03/06/12,12/31/16
15686,551330027,Waukesha - Cleveland Ave (#3),US,WI,551330027,43.02,-88.22,261,03/19/01,12/31/16
25199,720330004,The Nw Street At The 11 Street,US,PR,720330004,18.43,-66.14,0,08/12/16,06/30/18
2758,721130004,Residential Area,US,PR,721130004,18.01,-66.63,0,08/02/17,06/30/18
60063,800020012,"At Uabc, Corner Of Calzada Benito Juarez & Aven...",,,800020012,32.63,-115.45,1,10/01/06,06/05/07
