SiteID,SiteCode,SiteName,CT,ST,EPACode,Lat,Lon,Elev,Start,End
14780,010331002,Muscle Shoals (#3),US,AL,010331002,34.76,-87.64,122,04/01/09,12/31/10
14811,010550010,Gadsden C. College (#3),US,AL,010550010,33.99,-85.99,50,07/01/09,12/31/10
26416,010690003,Dothan (Civic Center) (#3),US,AL,010690003,31.22,-85.39,264,10/05/09,12/31/10
12150,010730023,North Birmingham (#3),US,AL,010730023,33.55,-86.81,177,02/18/13,09/30/18
11568,011011002,"Moms, Adem (#3)",US,AL,011011002,32.41,-86.26,76,04/01/09,12/31/10
11574,011030011,"Decatur, Alabama (#3)",US,AL,011030011,34.53,-86.97,174,04/01/09,12/31/10
23173,011250004,"Va, Tuscaloosa (#3)",US,AL,011250004,33.19,-87.48,128,08/01/09,12/31/10
15900,020200018,Garden/Trinity Christian Church (#3),US,AK,020200018,61.21,-149.82,39,01/01/09,06/30/18
39413,020200052,Dhhs (#3),US,AK,020200052,61.22,-149.9,35,01/01/09,12/31/12
23653,020201004,Parkgate/Eagle River (#3),US,AK,020201004,61.33,-149.57,100,01/01/09,06/30/18
12136,021100004,Floyd Dryden Middle School (#3),US,AK,021100004,58.39,-134.57,15,08/21/09,06/30/18
97956,021220008,"Kenai Peninsula Borough Building Site, Soldotna...",US,AK,021220008,60.49,-151.07,34,10/24/11,06/30/14
11783,021700008,Butte (#3),US,AK,021700008,61.53,-149.03,30,08/19/11,06/30/18
59991,021700012,Palmer (#3),US,AK,021700012,61.6,-149.11,72,01/01/10,06/30/18
59992,021700013,Wasilla (#3),US,AK,021700013,61.6,-149.46,102,02/03/11,04/01/15
15676,040031005,Douglas Red Cross (#3),US,AZ,040031005,31.35,-109.54,1231,07/01/13,09/30/18
26797,040128000,Alamo Lake (#3),US,AZ,040128000,34.24,-113.56,376,01/01/14,09/30/18
16164,040130019,West Phoenix (#3),US,AZ,040130019,33.48,-112.14,333,05/01/10,09/30/18
23670,040131003,Mesa (#3),US,AZ,040131003,33.41,-111.87,383,11/01/12,09/30/18
23671,040131004,North Phoenix (#3),US,AZ,040131004,33.56,-112.07,378,09/01/11,09/30/18
23672,040132001,Glendale (#3),US,AZ,040132001,33.57,-112.19,350,06/01/11,09/30/18
23681,040134003,South Phoenix (#3),US,AZ,040134003,33.4,-112.08,326,05/01/10,09/30/18
26825,040134005,Tempe (#3),US,AZ,040134005,33.41,-111.93,352,03/01/12,09/30/18
98301,040134019,Diablo (#3),US,AZ,040134019,33.4,-111.97,354,05/01/14,09/30/18
100805,040134020,Thirty-Third (#3),US,AZ,040134020,33.46,-112.13,326,09/02/15,03/31/16
23687,040139812,Durango Complex (#3),US,AZ,040139812,33.43,-112.12,317,05/01/10,09/30/18
15488,040139997,Jlg Supersite (#3),US,AZ,040139997,33.5,-112.1,346,01/01/11,09/30/18
16351,040190011,Orange Grove (#3),US,AZ,040190011,32.32,-111.04,681,07/01/17,09/30/18
15981,040191028,Children'S Park Ncore (#3),US,AZ,040191028,32.3,-110.98,703,01/23/11,09/30/18
15976,040210001,Casa Grande Downtown (#3),US,AZ,040210001,32.88,-111.75,420,01/01/15,06/30/18
100891,040213015,Hidden Valley (#3),US,AZ,040213015,32.88,-112.04,406,01/09/16,06/30/18
12105,040230004,Nogales Post Office (#3),US,AZ,040230004,31.34,-110.94,1176,04/01/13,09/30/18
39434,040278011,Yuma Supersite (#3),US,AZ,040278011,32.69,-114.61,51,07/02/13,09/30/18
17655,060010007,Livermore (#3),US,CA,060010007,37.69,-121.78,137,01/01/11,06/30/18
39436,060010009,Oakland (#3),US,CA,060010009,37.74,-122.17,11,10/01/09,06/30/18
42035,060010011,Oakland West (#3),US,CA,060010011,37.81,-122.28,0,12/18/12,06/30/18
98302,060010012,Laney College (#3),US,CA,060010012,37.79,-122.26,4,02/01/14,06/30/18
100905,060010013,Berkeley Aquatic Park (#3),US,CA,060010013,37.86,-122.3,3,07/01/16,06/30/18
101345,060010015,Pleasanton - Owens Ct (#3),US,CA,060010015,37.7,-121.9,101,04/03/18,06/30/18
17658,060011001,Fremont - Chapel Way (#3),US,CA,060011001,37.54,-121.96,17,10/01/09,10/31/10
14929,060090001,San Andreas-Gold Strike Road (#3),US,CA,060090001,38.2,-120.68,0,06/15/10,06/30/18
39444,060110007,Cortina Indian Rancheria,US,CA,060110007,39.02,-122.28,696,04/08/11,09/30/18
14932,060130002,Concord (#3),US,CA,060130002,37.94,-122.03,26,01/01/13,06/30/18
23745,060131004,San Pablo (#3),US,CA,060131004,37.96,-122.36,20,12/12/12,06/30/18
101335,060150007,Crescent City-Crescent Elk School,US,CA,060150007,41.76,-124.2,13,10/01/16,04/26/18
15593,060190008,"3425 N First St, Fresno (#3)",US,CA,060190008,36.78,-119.77,96,10/11/11,01/31/12
97964,060190011,Fresno - Garland (#3),US,CA,060190011,36.79,-119.77,96,01/18/12,06/30/18
97964,060190011,Fresno - Garland (#4),US,CA,060190011,36.79,-119.77,96,10/08/13,06/30/18
100832,060190500,Table Mountain Air Monitoring Site,US,CA,060190500,36.99,-119.66,207,01/26/16,08/31/18
60104,060192009,Tranquillity (#3),US,CA,060192009,36.63,-120.38,59,10/30/09,08/31/18
12055,060195001,Clovis-Villa (#3),US,CA,060195001,36.82,-119.72,86,11/25/08,06/30/18
97965,060230006,Hoopa Valley Reservation,US,CA,060230006,41.05,-123.68,1,02/07/14,04/20/15
97966,060231005,Humboldt Hill,US,CA,060231005,40.72,-124.2,172,06/23/11,01/09/18
12096,060250005,Calexico-Ethel Street (#3),US,CA,060250005,32.68,-115.48,1,01/01/14,12/22/15
12096,060250005,Calexico-Ethel Street (#4),US,CA,060250005,32.68,-115.48,1,01/01/14,12/22/15
27078,060270002,White Mountain Research Center - Owens Valley Lab,US,CA,060270002,37.36,-118.33,1257,04/01/15,06/30/18
15117,060271003,Keeler (#3),US,CA,060271003,36.49,-117.87,1097,09/10/09,06/30/18
17090,060290010,Bakersfield-Golden/M St (#3),US,CA,060290010,35.39,-119.02,151,06/04/09,12/31/09
17066,060290011,Mojave (#3),US,CA,060290011,35.05,-118.15,853,04/01/11,06/30/18
101465,060290018,Ridgecrest-Ward,US,CA,060290018,35.64,-117.72,717,11/01/17,10/31/18
17857,060310004,Corcoran-Patterson (#3),US,CA,060310004,36.1,-119.57,61,12/16/08,05/10/11
17857,060310004,Corcoran-Patterson (#8),US,CA,060310004,36.1,-119.57,61,01/01/17,06/30/18
23777,060311004,Hanford-Irwin (#3),US,CA,060311004,36.32,-119.64,99,02/25/10,06/30/18
13270,060371002,Burbank (#3),US,CA,060371002,34.18,-118.32,168,01/01/09,12/31/09
13387,060371103,Los Angeles-North Main Street (#3),US,CA,060371103,34.07,-118.23,87,01/01/09,12/31/09
16973,060374002,Long Beach (North) (#3),US,CA,060374002,33.82,-118.19,6,01/08/09,12/31/09
100838,060374008,Long Beach-Route 710 Near Road (#3),US,CA,060374008,33.86,-118.2,12,01/01/16,06/30/18
14560,060379033,Lancaster-Division Street,US,CA,060379033,34.67,-118.13,725,01/01/16,06/30/18
97969,060390500,Picayune Rancheria,US,CA,060390500,37.21,-119.7,633,08/02/11,06/30/14
77385,060392010,Madera-City (#3),US,CA,060392010,36.95,-120.03,84,07/16/10,06/30/18
23785,060410001,San Rafael (#3),US,CA,060410001,37.97,-122.52,3,10/27/09,06/30/18
14583,060450006,Ukiah-Library (#3),US,CA,060450006,39.15,-123.21,0,12/31/08,06/30/18
23787,060452001,"Fire Stn-Commercial & Humboldt, Willits",US,CA,060452001,39.41,-123.35,420,12/31/08,09/14/09
60002,060452002,Willits-125 East Commercial Street (#3),US,CA,060452002,39.41,-123.35,424,09/15/09,06/30/18
25751,060470003,Merced-Coffee (#3),US,CA,060470003,37.28,-120.43,86,10/26/09,06/30/18
23789,060510005,Lee Vining (#4),US,CA,060510005,37.96,-119.12,2067,04/07/18,06/30/18
23792,060530002,Carmel Valley (#3),US,CA,060530002,36.48,-121.73,131,01/01/12,09/30/18
39479,060530008,King City 2 (#3),US,CA,060530008,36.21,-121.13,6,01/01/12,09/30/18
13412,060531003,Salinas 3 (#3),US,CA,060531003,36.69,-121.62,22,01/01/10,09/30/18
23796,060550003,Napa (#3),US,CA,060550003,38.31,-122.3,13,12/13/12,05/25/18
101336,060550004,Napa Valley College (#3),US,CA,060550004,38.28,-122.28,10,05/01/18,06/30/18
17058,060570005,Grass Valley-Litton Building (#3),US,CA,060570005,39.23,-121.06,853,12/06/17,09/30/18
23799,060590007,Anaheim (#3),US,CA,060590007,33.83,-117.94,10,01/01/09,12/31/09
98221,060610003,Auburn-Atwood,US,CA,060610003,38.94,-121.1,400,01/01/12,08/31/18
42089,060650009,Pechanga,US,CA,060650009,33.45,-117.09,366,08/12/10,10/09/17
101408,060650010,"Joshua Tree National Park, California",US,CA,060650010,33.75,-115.82,943,01/31/18,08/31/18
39485,060651016,Morongo Air Monitoring Station,US,CA,060651016,33.94,-116.83,720,10/14/11,05/31/18
14604,060658001,Rubidoux (#3),US,CA,060658001,34,-117.42,250,01/01/09,12/31/09
27252,060658005,Mira Loma (Van Buren) (#3),US,CA,060658005,34,-117.49,250,01/01/09,12/31/09
14630,060670010,Sacramento-1309 T Street (#3),US,CA,060670010,38.57,-121.49,0,05/20/14,06/01/15
23434,060670012,Folsom-Natoma St. (#3),US,CA,060670012,38.68,-121.16,98,04/01/13,06/30/18
23434,060670012,Folsom-Natoma St. (#4),US,CA,060670012,38.68,-121.16,98,07/01/15,06/30/18
27265,060675003,Sloughhouse (#3),US,CA,060675003,38.49,-121.21,58,05/15/17,06/30/18
23819,060690002,Hollister (#3),US,CA,060690002,36.84,-121.36,126,01/01/10,09/30/18
100854,060710027,Ontario-Route 60 Near Road (#3),US,CA,060710027,34.03,-117.62,258,01/01/16,06/30/18
18208,060710306,Victorville-Park Avenue,US,CA,060710306,34.51,-117.33,913,01/01/16,06/30/18
18208,060710306,Victorville-Park Avenue (#2),US,CA,060710306,34.51,-117.33,913,05/03/16,06/30/18
18207,060730003,El Cajon (#2),US,CA,060730003,32.79,-116.94,143,01/01/14,02/26/14
14114,060731002,Escondido (#3),US,CA,060731002,33.13,-117.08,204,07/02/08,06/19/14
14114,060731002,Escondido (#4),US,CA,060731002,33.13,-117.08,204,01/01/14,06/19/14
25787,060731006,Alpine,US,CA,060731006,32.84,-116.77,603,07/12/12,06/19/14
27307,060731008,Camp Pendleton (#3),US,CA,060731008,33.22,-117.4,15,07/01/09,06/19/14
27308,060731010,San Diego - Beardsley Street (#2),US,CA,060731010,32.7,-117.15,3,01/01/14,06/18/14
39496,060731011,La Posta Reservation (#3),US,CA,060731011,32.73,-116.37,1372,02/26/13,06/30/18
42006,060731201,Pala Airpad,US,CA,060731201,33.36,-117.09,110,10/28/08,06/30/18
14425,060750005,San Francisco (#3),US,CA,060750005,37.77,-122.4,5,10/01/09,06/30/18
14097,060771002,Stockton-Hazelton (#3),US,CA,060771002,37.95,-121.27,19,05/11/10,06/30/18
14097,060771002,Stockton-Hazelton (#4),US,CA,060771002,37.95,-121.27,19,08/23/10,06/30/18
97975,060772010,Manteca (#3),US,CA,060772010,37.79,-121.25,11,11/23/10,06/30/18
23836,060792004,Mesa2,US,CA,060792004,35.02,-120.56,49,07/01/09,09/30/18
27343,060792006,San Luis Obispo (#3),US,CA,060792006,35.26,-120.67,66,03/25/11,06/30/18
77346,060792007,Arroyo Grande Cdf,US,CA,060792007,35.05,-120.59,38,08/27/10,06/30/18
15025,060798001,Atascadero (Original Site) (#3),US,CA,060798001,35.49,-120.67,277,06/01/09,02/23/15
100857,060798002,Atascadero (#3),US,CA,060798002,35.49,-120.67,260,02/26/15,08/31/18
15039,060811001,Redwood City (#3),US,CA,060811001,37.48,-122.2,3,10/01/09,06/30/18
23436,060830011,Santa Barbara (#3),US,CA,060830011,34.43,-119.69,20,06/25/10,06/30/18
23841,060831008,Santa Maria (#3),US,CA,060831008,34.94,-120.44,76,06/22/10,06/30/18
23851,060832004,Lompoc H Street,US,CA,060832004,34.64,-120.46,41,01/01/15,07/31/18
25810,060832011,Goleta,US,CA,060832011,34.45,-119.83,14,01/01/14,07/31/18
25815,060850002,Gilroy (#3),US,CA,060850002,37,-121.57,63,10/31/09,06/30/18
23171,060850005,San Jose - Jackson (#3),US,CA,060850005,37.35,-121.89,31,10/01/12,06/30/18
100865,060850006,San Jose - Knox Avenue (#3),US,CA,060850006,37.34,-121.85,31,09/01/14,06/30/18
14721,060870007,Santa Cruz (#3),US,CA,060870007,36.98,-121.99,28,01/01/10,09/30/18
98225,060871004,Felton (#3),US,CA,060871004,37.05,-122.08,88,05/01/13,04/25/14
100866,060871005,San Lorenzo Valley Middle School (#3),US,CA,060871005,37.06,-122.08,108,10/23/14,09/30/18
16906,060950004,Vallejo (#3),US,CA,060950004,38.1,-122.24,6,01/01/11,06/30/18
16906,060950004,Vallejo (#4),US,CA,060950004,38.1,-122.24,6,01/01/13,06/30/18
16916,060970003,Santa Rosa - 5Th St (#3),US,CA,060970003,38.44,-122.71,51,10/23/09,12/16/13
98306,060970004,Sebastopol (#3),US,CA,060970004,38.4,-122.82,78,01/09/14,06/30/18
16934,060990005,Modesto-14Th Street (#3),US,CA,060990005,37.64,-120.99,27,05/01/10,06/30/18
23872,060990006,Turlock (#3),US,CA,060990006,37.49,-120.84,56,11/19/08,06/30/18
100867,061030007,Red Bluff-Walnut St. District Office (#3),US,CA,061030007,40.17,-122.26,100,03/01/16,06/30/18
23874,061050002,Weaverville-Courthouse,US,CA,061050002,40.73,-122.94,600,08/18/11,06/10/13
14681,061110007,Thousand Oaks (#3),US,CA,061110007,34.21,-118.87,244,01/07/12,09/30/18
14640,061110009,Piru - Pacific (#3),US,CA,061110009,34.4,-118.81,190,01/07/12,09/30/18
23877,061111004,Ojai - East Ojai Ave (#3),US,CA,061111004,34.45,-119.23,262,01/07/12,09/30/18
14687,061112002,Simi Valley-Cochran Street (#3),US,CA,061112002,34.28,-118.68,314,07/05/13,09/28/18
14687,061112002,Simi Valley-Cochran Street (#4),US,CA,061112002,34.28,-118.68,314,03/20/14,09/28/18
14673,061113001,El Rio-Rio Mesa School #2 (#3),US,CA,061113001,34.25,-119.14,43,01/26/12,09/30/18
100881,080010008,Tri County Health Dept. Bldg. (#3),US,CO,080010008,39.83,-104.94,1574,09/02/16,10/31/18
17012,080130003,Longmont - Municipal Bldg (#3),US,CO,080130003,40.16,-105.1,1520,07/03/18,10/31/18
101326,080290007,"Paonia, Colorado",US,CO,080290007,38.88,-107.6,3027,04/06/18,06/30/18
14168,080310002,Denver - Camp (#3),US,CO,080310002,39.75,-104.99,1593,04/05/13,10/31/18
14491,080310013,Denver - Njh-E (#3),US,CO,080310013,39.74,-104.94,1620,03/15/18,10/31/18
98226,080310026,La Casa (#3),US,CO,080310026,39.78,-105.01,1602,03/01/15,10/31/18
98307,080310027,I-25 (#3),US,CO,080310027,39.73,-105.02,1583,01/01/14,10/31/18
100746,080310028,Globeville (#3),US,CO,080310028,39.79,-104.99,1587,10/01/15,10/31/18
27558,080350004,Chatfield State Park (#3),US,CO,080350004,39.53,-105.07,1676,06/01/17,10/31/18
39534,080410017,Colorado Springs - College College (#3),US,CO,080410017,38.85,-104.83,1832,06/23/16,10/31/18
100758,080450019,Battlement Mesa,US,CO,080450019,39.44,-108.03,1690,10/24/12,06/30/18
100759,080450020,"Vogelaar Park, Glenwood Springs",US,CO,080450020,39.55,-107.33,1756,02/11/15,03/09/16
23925,080677003,Site Is Located On The Eastern Rim Of The Anima...,US,CO,080677003,37.1,-107.87,1920,03/01/16,01/31/18
14431,080690009,Fort Collins - Csu - Edison (#3),US,CO,080690009,40.57,-105.08,1524,06/25/15,10/31/18
23175,080770017,Grand Junction - Powell Bldg (#3),US,CO,080770017,39.06,-108.56,1398,01/02/14,10/31/18
100762,080930002,"Fairplay, Colorado",US,CO,080930002,39.24,-105.98,3027,04/08/15,02/27/18
77286,081030006,"Rangely, Golf Course",US,CO,081030006,40.09,-108.76,1655,08/07/10,08/31/18
15999,081230006,Greeley - Hospital (#3),US,CO,081230006,40.41,-104.71,1441,06/01/16,10/31/18
14276,090010010,Roosevelt School-Bridgeport (#3),US,CT,090010010,41.17,-73.19,7,01/01/14,06/30/18
14281,090011123,Western Conn State Univ (#3),US,CT,090011123,41.4,-73.44,116,01/01/16,06/30/18
98228,090030025,Huntley Place-Hartford (#3),US,CT,090030025,41.77,-72.68,8,01/01/16,06/30/18
13319,090031003,Mcauliffe Park (#3),US,CT,090031003,41.78,-72.63,15,01/01/15,06/30/18
13336,090050005,Mohawk Mt-Cornwall (#3),US,CT,090050005,41.82,-73.3,505,01/01/16,06/30/18
25616,090090027,Criscuolo Park-New Haven (#3),US,CT,090090027,41.3,-72.9,4,01/01/16,06/30/18
25616,090090027,Criscuolo Park-New Haven (#4),US,CT,090090027,41.3,-72.9,4,04/01/18,06/30/18
13489,090092123,Meadow And Bank Streets (#3),US,CT,090092123,41.55,-73.04,80,01/01/14,06/30/18
39571,090110124,Fort Griswold Park (#3),US,CT,090110124,41.35,-72.08,49,01/01/14,06/30/18
14458,100010002,Property Of Killens Pond State Park; Behind Far...,US,DE,100010002,38.99,-75.56,0,08/28/12,08/31/18
13137,100031007,Lums Pond (#3),US,DE,100031007,39.55,-75.73,20,10/29/18,10/31/18
27911,100031008,Route 9 Delaware City (#3),US,DE,100031008,39.58,-75.6,0,06/01/13,10/31/18
13187,100032004,Mlk  Corner Of Mlk Blvd And Justison St (#3),US,DE,100032004,39.74,-75.56,0,01/01/10,06/30/13
13187,100032004,Mlk  Corner Of Mlk Blvd And Justison St (#4),US,DE,100032004,39.74,-75.56,0,07/01/13,04/12/18
13187,100032004,Mlk  Corner Of Mlk Blvd And Justison St (#6),US,DE,100032004,39.74,-75.56,0,07/21/16,10/31/18
13196,100051002,Seaford Shipley State Service Center (#3),US,DE,100051002,38.65,-75.61,0,02/01/13,08/31/18
14218,110010041,River Terrace,US,DC,110010041,38.9,-76.96,8,01/01/17,11/01/18
14219,110010042,Hains Point Pm-2.5 And Improve Site On Roof Of ...,US,DC,110010042,38.88,-77.03,12,01/01/17,07/09/17
14224,110010043,Mcmillan  Ncore-Pams,US,DC,110010043,38.92,-77.01,50,01/01/18,09/30/18
14224,110010043,Mcmillan  Ncore-Pams (#4),US,DC,110010043,38.92,-77.01,50,02/03/11,12/31/17
100773,110010051,Near Road,US,DC,110010051,38.89,-76.95,25,06/01/15,11/01/18
98794,120110034,Daniela Banu Ncore (#3),US,FL,120110034,26.05,-80.26,3,01/22/16,09/30/18
100908,120110035,Near Road - Fort Lauderdale (#3),US,FL,120110035,26.13,-80.17,3,03/25/16,09/30/18
100780,120310108,Pepsi Place (#3),US,FL,120310108,30.26,-81.61,6,04/01/14,09/30/18
100904,120570113,Munro Street (Near-Road),US,FL,120570113,27.96,-82.47,6,02/02/16,09/30/18
100788,120571111,Julian B. Lane Park (#3),US,FL,120571111,27.96,-82.47,20,01/01/15,12/16/15
25619,120573002,Sydney (#3),US,FL,120573002,27.97,-82.23,20,02/18/14,09/30/18
13507,120710005,Winkler Pump Station (#3),US,FL,120710005,26.6,-81.88,0,01/11/18,06/30/18
23156,120861016,Miami Fire Station (#3),US,FL,120861016,25.79,-80.22,4,07/01/18,09/30/18
100977,120950009,I-4 Near Road,US,FL,120950009,28.53,-81.38,3,01/24/17,06/28/17
1144,120952002,Winter Park (#3),US,FL,120952002,28.6,-81.36,27,10/01/16,09/29/18
1145,120990008,Belle Glade (#3),US,FL,120990008,26.72,-80.67,20,05/01/09,12/31/12
1563,120990009,Royal Palm Beach (#3),US,FL,120990009,26.73,-80.23,2,01/01/11,12/31/12
13687,121030018,Azalea Park (#3),US,FL,121030018,27.79,-82.74,5,01/01/18,09/30/18
1351,121056006,Baptist Childrens' Home (#3),US,FL,121056006,28.03,-81.97,0,01/08/18,06/30/18
7044,121150013,Bee Ridge Park (#3),US,FL,121150013,27.29,-82.51,8,01/03/18,09/30/18
7057,121171002,Sanford (Seminole Community College) (#3),US,FL,121171002,28.75,-81.31,18,01/01/18,06/30/18
7115,121275002,Daytona Blind Services (#3),US,FL,121275002,29.21,-81.05,0,01/01/18,06/30/18
7558,130210012,Macon-Forestry (#3),US,GA,130210012,32.81,-83.54,54,10/01/17,07/31/18
23445,130511002,Savannah-L&A (#3),US,GA,130511002,32.09,-81.13,12,11/07/17,07/31/18
28693,130590002,Athens (#3),US,GA,130590002,33.92,-83.34,215,04/02/18,04/30/18
6882,130890002,South Dekalb (#3),US,GA,130890002,33.69,-84.29,308,01/05/11,08/31/18
7111,130950007,Albany (#3),US,GA,130950007,31.58,-84.1,67,01/01/13,07/31/18
13744,131350002,Gwinnett (#3),US,GA,131350002,33.96,-84.07,290,10/26/17,07/31/18
13749,131390003,Gainesville (#3),US,GA,131390003,34.3,-83.81,386,10/03/17,07/31/18
7315,131530001,Warner Robins (#3),US,GA,131530001,32.61,-83.6,90,03/08/18,07/31/18
7311,132450091,Augusta (#3),US,GA,132450091,33.43,-82.02,46,09/20/17,07/31/18
7710,132950002,Rossville (#3),US,GA,132950002,34.98,-85.3,200,10/05/17,07/31/18
28824,150010007,Hawaii Volcanoes Np - The Observatory,US,HI,150010007,19.42,-155.29,1215,07/29/15,02/26/18
39662,150011006,Hilo,US,HI,150011006,19.72,-155.11,137,05/01/08,08/31/18
39663,150011012,Kona,US,HI,150011012,19.51,-155.91,517,03/15/08,08/31/18
39663,150011012,Kona (#2),US,HI,150011012,19.51,-155.91,517,01/01/14,08/30/18
39666,150012016,Pahala,US,HI,150012016,19.2,-155.48,320,04/11/08,08/31/18
39667,150012017,Mountain View 17,US,HI,150012017,19.57,-155.08,354,04/11/08,10/27/10
60005,150012020,Hove,US,HI,150012020,19.12,-155.78,863,04/01/10,08/31/18
98232,150012021,Waikoloa,US,HI,150012021,19.98,-155.8,180,07/01/12,03/31/14
98014,150012023,Mountain View 23,US,HI,150012023,19.56,-155.1,437,12/07/10,08/31/18
13519,150030010,Kapolei,US,HI,150030010,21.32,-158.09,18,01/01/09,08/31/18
13532,150031001,Honolulu (#3),US,HI,150031001,21.31,-157.86,20,04/01/09,08/31/18
13538,150031004,Sand Island (#2),US,HI,150031004,21.3,-157.87,5,01/01/09,08/31/18
13906,150032004,Pearl City (#4),US,HI,150032004,21.39,-157.97,23,01/10/09,08/31/18
98015,150070007,Niumalu,US,HI,150070007,21.95,-159.37,11,04/01/11,08/31/18
7374,150090006,Kihei (#2),US,HI,150090006,20.78,-156.45,47,12/01/08,08/31/18
98310,150090024,Paia,US,HI,150090024,20.9,-156.37,81,03/01/13,03/31/17
100834,150090025,Kahului,US,HI,150090025,20.87,-156.49,46,01/13/15,08/31/18
39346,160010010,St. Luke'S Meridian (#3),US,ID,160010010,43.6,-116.35,826,07/02/09,12/30/10
24076,160050020,Ballard Road (#3),US,ID,160050020,42.98,-112.46,1356,04/15/10,07/31/18
23450,160090010,"Usfs At Center And 9Th St, St. Maries, Benewah ...",US,ID,160090010,47.32,-116.57,0,06/12/09,10/02/14
24081,160270002,Site Is Midway Between A Major Street And A Loc...,US,ID,160270002,43.58,-116.56,0,02/26/10,09/10/10
25653,160410001,Franklin - Water Treatment Facility At East 480...,US,ID,160410001,42.01,-111.81,1373,01/01/11,12/31/12
25653,160410001,Franklin - Water Treatment Facility At East 480...,US,ID,160410001,42.01,-111.81,1373,01/01/13,06/30/15
100898,160530003,Minidoka National Historic Site,US,ID,160530003,42.68,-114.25,1223,12/01/15,08/31/18
23460,160590004,"Salmon Idaho, Open Field, Grass Covered And Pas...",US,ID,160590004,45.18,-113.89,1197,09/01/09,03/05/15
7208,160770011,Primary Particulate And Meteorological Monitori...,US,ID,160770011,42.91,-112.54,1356,10/02/09,12/31/09
6859,160790017,"Pinehurst/Pinehurst School, Pinehurst (#3)",US,ID,160790017,47.54,-116.24,671,06/12/09,07/08/15
6859,160790017,"Pinehurst/Pinehurst School, Pinehurst (#4)",US,ID,160790017,47.54,-116.24,671,01/01/10,12/31/13
7346,170191001,Isws Climate Station (#3),US,IL,170191001,40.05,-88.37,213,01/01/15,09/30/18
6674,170314007,Regional Office Building (#3),US,IL,170314007,42.06,-87.86,192,12/15/16,08/23/18
6676,170314201,Northbrook Water Plant (#3),US,IL,170314201,42.14,-87.8,198,12/01/16,09/30/18
7398,170434002,City Hall (#3),US,IL,170434002,41.77,-88.15,204,10/01/17,09/30/18
29141,170650002,Ten Mile Creek Dnr Office (#3),US,IL,170650002,38.08,-88.62,149,10/26/16,09/30/18
101464,170830117,Jerseyville Water Treatment Plant (Wtp) (#3),US,IL,170830117,39.1,-90.34,193,10/04/17,09/30/18
25624,170831001,Illini Jr High (#3),US,IL,170831001,39.11,-90.32,193,10/08/16,08/09/17
29194,171132003,Isu Harris Physical Plant (#3),US,IL,171132003,40.52,-89,236,11/02/16,09/30/18
29194,171132003,Isu Harris Physical Plant (#9),US,IL,171132003,40.52,-89,236,10/01/17,09/30/18
7008,171150013,Iepa Trailer (#3),US,IL,171150013,39.87,-88.93,204,10/17/17,09/30/18
6488,171430037,City Office Building (#3),US,IL,171430037,40.7,-89.58,155,10/12/17,09/30/18
6616,171570001,Iepa Trailer (#3),US,IL,171570001,38.18,-89.79,136,10/03/16,09/30/18
6629,171613002,Rock Island Arsenal (#3),US,IL,171613002,41.51,-90.52,171,10/12/17,09/30/18
6284,171670012,Agriculture Building (#3),US,IL,171670012,39.83,-89.64,180,10/13/17,09/30/18
6256,171971002,Pershing School (#3),US,IL,171971002,41.53,-88.12,167,01/01/18,09/30/18
6330,171971011,Com Ed Training Center (#3),US,IL,171971011,41.22,-88.19,181,10/19/16,08/22/18
6041,180030004,Ft. Wayne- Beacon St. (#3),US,IN,180030004,41.09,-85.1,211,11/10/09,08/31/18
98786,180050008,Columbus- Rocky Ford Rd. (#3),US,IN,180050008,39.24,-85.89,164,07/24/14,08/31/18
39744,180390008,Elkhart- Prairie St. (#3),US,IN,180390008,41.66,-85.97,197,11/23/10,09/30/18
6956,180431004,New Albany- Green Valley Elem. Sch. (#3),US,IN,180431004,38.31,-85.83,145,12/10/09,01/31/18
98315,180570007,11775 Brooks School Rd. (#3),US,IN,180570007,39.96,-85.94,212,01/02/14,08/31/18
98787,180670004,Kokomo- E. Vaile Rd. (#3),US,IN,180670004,40.48,-86.11,217,04/03/14,08/31/18
5898,180890022,Gary-Iitri/ 1219.5 Meters East Of Tennessee St....,US,IN,180890022,41.61,-87.3,183,10/09/09,08/31/18
101331,180890036,Hammond- 167Th St (#3),US,IN,180890036,41.59,-87.5,186,02/01/18,08/31/18
6383,180892004,Hammond- Purdue/ Powers Bldg. Purdue University...,US,IN,180892004,41.59,-87.47,188,11/01/08,05/20/14
77278,180950011,Anderson- Eastside Elem. School (#3),US,IN,180950011,40.13,-85.65,237,07/13/10,08/31/18
6017,180970078,Indpls- Washington Park/  In Parking Lot Next T...,US,IN,180970078,39.81,-86.11,230,01/04/10,12/31/11
6017,180970078,Indpls- Washington Park/  In Parking Lot Next T...,US,IN,180970078,39.81,-86.11,230,07/21/11,08/31/18
6405,180970081,Indpls- W. 18Th St./ Ernie Pyle School 90 (#3),US,IN,180970081,39.79,-86.21,222,10/01/09,08/31/18
98316,180970087,Indpls.- I 70 (#3),US,IN,180970087,39.79,-86.13,195,01/01/16,08/31/18
42064,181050003,Bloomington- Binford Elementary School (#3),US,IN,181050003,39.16,-86.5,255,04/08/09,06/30/18
98788,181070004,Nucor Steel (#3),US,IN,181070004,39.99,-86.83,261,08/01/14,03/05/15
5759,181270024,Ogden Dunes- Water Treatment Plant (#3),US,IN,181270024,41.62,-87.2,183,10/08/09,08/31/18
29674,181410015,South Bend-Shields Dr. (#3),US,IN,181410015,41.7,-86.21,181,10/15/08,09/30/18
23183,181570008,Lafayette- Greenbush St./ Cinergy Substation (#3),US,IN,181570008,40.43,-86.85,195,01/01/10,08/31/18
23183,181570008,Lafayette- Greenbush St./ Cinergy Substation (#4),US,IN,181570008,40.43,-86.85,195,11/06/09,12/31/13
42066,181630021,Evansville- Buena Vista (#3),US,IN,181630021,38.01,-87.58,116,12/03/09,08/31/18
5842,181670018,Terre Haute Caap/ Mclean High School (#3),US,IN,181670018,39.49,-87.4,140,12/03/09,08/31/18
5842,181670018,Terre Haute Caap/ Mclean High School (#4),US,IN,181670018,39.49,-87.4,140,01/10/13,08/31/18
77285,181830003,Larwill- Whitko Middle School (#3),US,IN,181830003,41.17,-85.63,261,04/08/10,08/31/18
40059,191130040,Public Health (#3),US,IA,191130040,41.98,-91.69,224,12/23/16,10/31/18
40059,191130040,Public Health (#4),US,IA,191130040,41.98,-91.69,224,12/23/16,10/31/18
4916,191530030,Carpenter (#3),US,IA,191530030,41.6,-93.64,0,03/24/17,10/31/18
4916,191530030,Carpenter (#4),US,IA,191530030,41.6,-93.64,0,03/24/17,10/31/18
25627,200910010,Heritage Park (#2),US,KS,200910010,38.84,-94.75,324,07/26/16,06/30/18
4954,201730010,Wichita Hd (#3),US,KS,201730010,37.7,-97.31,396,08/04/16,02/22/18
40359,201770013,Kni (#2),US,KS,201770013,39.02,-95.71,280,06/15/17,06/30/18
23478,201950001,Cedar Bluff,US,KS,201950001,38.77,-99.76,670,01/01/16,06/30/18
5012,202090021,Jfk (#4),US,KS,202090021,39.12,-94.64,259,04/01/17,06/30/18
4394,210190017,Ashland Primary (Fivco) (#3),US,KY,210190017,38.46,-82.64,200,07/26/17,04/30/18
40375,210373002,Northern Kentucky University (Nku) (#3),US,KY,210373002,39.02,-84.47,251,08/01/10,04/30/18
25658,210590005,Owensboro Primary (#3),US,KY,210590005,37.78,-87.08,127,10/19/17,04/30/18
5232,210930006,Elizabethtown (#3),US,KY,210930006,37.71,-85.85,250,09/01/11,08/13/13
23479,211010014,Baskett (#3),US,KY,211010014,37.87,-87.46,121,02/19/18,04/30/18
4994,211110043,Southwick (#3),US,KY,211110043,38.23,-85.82,112,08/15/12,12/31/17
4997,211110051,Watson Lane (#3),US,KY,211110051,38.06,-85.9,112,04/17/12,06/30/18
41902,211110067,Cannons Lane (#3),US,KY,211110067,38.23,-85.65,127,02/18/11,06/30/18
4707,211111041,Fire Arms Training (#3),US,KY,211111041,38.23,-85.83,137,01/01/18,06/30/18
24231,211451024,Jackson Purchase (Paducah Primary) (#3),US,KY,211451024,37.06,-88.57,108,08/16/17,04/30/18
4176,211950002,Pikeville Primary (#3),US,KY,211950002,37.48,-82.54,207,08/01/12,04/30/18
24237,211990003,Somerset (#3),US,KY,211990003,37.1,-84.61,306,11/01/10,06/24/11
4989,220330009,Capitol (#3),US,LA,220330009,30.46,-91.18,14,01/10/11,09/30/18
4386,230010011,Country Kitchen Bakery Parking Lot (#4),US,ME,230010011,44.09,-70.21,49,09/19/13,10/31/18
42146,230030014,Public Safety Building (#2),US,ME,230030014,47.36,-68.32,184,01/15/14,08/31/18
4852,230031011,Riverside (#2),US,ME,230031011,46.68,-68.02,0,07/18/14,08/31/18
40487,230050029,Pdo - Portland Deering Oaks (#3),US,ME,230050029,43.66,-70.27,3,05/07/13,10/31/18
101393,230072003,Prescott Field (#2),US,ME,230072003,44.67,-70.15,55,12/08/16,03/30/17
101393,230072003,Prescott Field (#3),US,ME,230072003,44.67,-70.15,55,12/08/16,03/30/17
101393,230072003,Prescott Field (#4),US,ME,230072003,44.67,-70.15,55,12/08/16,03/31/17
4650,230090103,Mcfarland Hill Air Pollutant Research Site (#2),US,ME,230090103,44.38,-68.26,130,11/13/13,10/09/18
4650,230090103,Mcfarland Hill Air Pollutant Research Site (#3),US,ME,230090103,44.38,-68.26,130,09/01/17,10/31/18
4441,230172011,Rumford Avenue Parking Lot (Rap) (#2),US,ME,230172011,44.55,-70.55,135,10/01/14,10/31/18
4446,230190002,Kenduskeag Pump Station (Building Roof) (#2),US,ME,230190002,44.8,-68.77,10,01/01/13,10/31/18
101352,230190017,Mary Snow School (#2),US,ME,230190017,44.82,-68.77,54,10/01/17,10/31/18
7259,240051007,Padonia (#3),US,MD,240051007,39.46,-76.63,126,01/01/16,09/30/18
7658,240150003,Fair Hill Natural Resource Management Area (#3),US,MD,240150003,39.7,-75.86,128,07/03/08,09/30/18
98043,240190004,Horn Point (#3),US,MD,240190004,38.59,-76.14,0,04/01/12,09/30/18
30886,240230002,Piney Run (#3),US,MD,240230002,39.71,-79.01,777,07/01/10,09/30/18
8133,240251001,Edgewood (#3),US,MD,240251001,39.41,-76.3,6,09/02/11,09/30/18
98320,240270006,Howard County Near Road (#3),US,MD,240270006,39.14,-76.85,10,04/07/14,09/30/18
26031,240290002,Millington (#3),US,MD,240290002,39.31,-75.8,18,07/02/10,09/30/18
8168,240313001,Rockville (#3),US,MD,240313001,39.11,-77.11,126,08/22/08,09/30/18
25629,240330030,Hu-Beltsville (#3),US,MD,240330030,39.06,-76.88,49,07/03/08,09/30/18
7761,240430009,Hagerstown (#3),US,MD,240430009,39.56,-77.72,183,07/01/10,09/30/18
7093,245100040,Oldtown (#3),US,MD,245100040,39.3,-76.6,12,07/03/08,09/30/18
30999,250030006,Berkshire Commons (#3),US,MA,250030006,42.45,-73.26,0,09/01/15,05/31/18
101395,250030008,25 Silver Lake Blvd (#3),US,MA,250030008,42.45,-73.24,300,06/25/18,09/30/18
101400,250036001,North Adams (#3),US,MA,250036001,42.7,-73.11,217,06/29/17,09/30/18
23485,250051004,Fall River (#3),US,MA,250051004,41.69,-71.17,59,01/01/14,09/30/18
17510,250092006,Lynn Water Treatment Plant (#3),US,MA,250092006,42.47,-70.97,52,01/01/14,09/30/18
17716,250095005,Consentino School. (#3),US,MA,250095005,42.77,-71.1,0,01/01/14,09/30/18
98754,250112005,Greenfield 16 Barr Ave (#3),US,MA,250112005,42.61,-72.6,267,02/01/16,09/30/18
8114,250130016,Liberty St Parking Lot (#3),US,MA,250130016,42.11,-72.59,31,07/01/16,04/23/18
101376,250130018,600 Liberty St (#3),US,MA,250130018,42.12,-72.58,61,04/24/18,09/30/18
17933,250154002,Quabbin Res (#3),US,MA,250154002,42.3,-72.33,312,09/01/15,09/30/18
101340,250170010,Chelmsfordnr (#3),US,MA,250170010,42.61,-71.31,39,06/11/18,09/30/18
23486,250213003,Blue Hill Observatory (#3),US,MA,250213003,42.21,-71.11,192,01/01/14,01/12/16
98321,250230005,Brockton Buckley (#3),US,MA,250230005,42.07,-71.01,1,10/01/15,09/30/18
7483,250250042,Dudley Square Roxbury (#3),US,MA,250250042,42.33,-71.08,6,01/01/14,09/30/18
7485,250250043,North End Site Central Artery (#3),US,MA,250250043,42.36,-71.05,7,09/01/15,04/04/18
98322,250250044,Von Hillern St (#3),US,MA,250250044,42.33,-71.06,15,09/01/15,09/30/18
25630,250270023,Worcester Summer Street (#3),US,MA,250270023,42.26,-71.79,145,01/01/14,09/30/18
17558,260330901,North Of Easterday Avenue (#3),US,MI,260330901,46.49,-84.36,0,04/01/12,07/01/18
31756,261630039,Fia/Lafayette (#3),US,MI,261630039,42.32,-83.07,0,01/01/10,12/31/15
98054,261630093,23751 Fenkell St (Roadside) (#3),US,MI,261630093,42.39,-83.27,1,05/21/16,12/31/17
98796,261630095,18790 Haggerty Rd (#3),US,MI,261630095,42.42,-83.43,0,08/24/16,01/31/18
39331,270031002,Anoka County Airport (#3),US,MN,270031002,45.14,-93.21,280,01/03/11,06/30/18
31787,270052013,Fws Wetland Management District (#3),US,MN,270052013,46.85,-95.85,0,01/01/13,06/30/18
100795,270072304,Red Lake Nation (#3),US,MN,270072304,47.88,-95.03,369,10/01/14,06/30/18
100796,270177417,Fond Du Lac Band (#3),US,MN,270177417,46.71,-92.51,433,06/10/15,06/30/18
101383,270213410,Leech Lake Nation: (#3),US,MN,270213410,47.38,-94.6,408,01/01/18,06/30/18
31808,270317810,Grand Portage Band (#3),US,MN,270317810,47.97,-89.69,125,01/01/16,06/30/18
31811,270353204,Brainerd Lakes Regional Airport (#3),US,MN,270353204,46.4,-94.13,381,01/01/13,06/29/18
1507,270370470,Apple Valley (#3),US,MN,270370470,44.74,-93.24,306,01/01/13,06/30/18
100797,270370480,Near Road I-35 (#3),US,MN,270370480,44.71,-93.29,312,01/01/15,06/30/18
98242,270530909,Lowry Avenue (#3),US,MN,270530909,45.01,-93.28,248,01/01/13,12/29/14
98243,270530962,Near Road I-35/I-94 (#3),US,MN,270530962,44.97,-93.25,259,10/01/13,06/30/18
2535,270530963,Andersen School (#3),US,MN,270530963,44.95,-93.26,267,07/01/11,06/30/18
100808,270531904,Greenway Neighborhood (#3),US,MN,270531904,44.95,-93.24,259,07/15/14,11/06/14
100809,270531905,Harrison Neighborhood (#3),US,MN,270531905,44.98,-93.3,260,10/01/14,12/31/14
100810,270531906,Lyndale Neighborhood (#3),US,MN,270531906,44.95,-93.28,267,01/01/15,03/31/15
100950,270531909,Bottineau / Marshall Terrace (#3),US,MN,270531909,45.01,-93.27,253,04/17/17,06/30/18
26063,270750005,Boundary Waters (#3),US,MN,270750005,47.95,-91.5,528,01/01/13,06/29/18
31942,270834210,Southwest Minnesota Regional Airport (#3),US,MN,270834210,44.44,-95.82,361,03/01/11,06/30/18
17254,271095008,Ben Franklin School (#3),US,MN,271095008,44,-92.45,0,01/01/11,06/30/18
1546,271230871,Harding High School (#3),US,MN,271230871,44.96,-93.04,296,01/01/11,06/30/18
1546,271230871,Harding High School (#4),US,MN,271230871,44.96,-93.04,296,07/01/11,06/30/18
100823,271231902,Thomas-Dale Neighborhood (#3),US,MN,271231902,44.96,-93.13,271,01/01/14,04/03/14
100824,271231903,West Side Neighborhood (#3),US,MN,271231903,44.93,-93.07,217,04/02/14,06/30/14
100825,271231907,Payne-Phalen Neighborhood (#3),US,MN,271231907,44.97,-93.08,266,04/01/15,07/08/15
100909,271231908,South St. Anthony Park (#3),US,MN,271231908,44.97,-93.2,273,01/06/16,12/31/16
2385,271377001,Virginia City Hall (#3),US,MN,271377001,47.52,-92.54,455,01/01/13,06/30/18
40731,271377549,Michigan Street (#3),US,MN,271377549,46.77,-92.12,204,07/01/15,12/31/15
2396,271377551,Lincoln Park School (#3),US,MN,271377551,46.77,-92.13,230,07/01/11,12/31/11
98067,271377554,Laura Macarthur School (#3),US,MN,271377554,46.74,-92.17,196,01/13/12,06/30/18
2187,271453052,Talahi School (#3),US,MN,271453052,45.55,-94.13,0,01/01/11,06/30/18
98068,271630447,Andersen Windows North (#3),US,MN,271630447,45.03,-92.78,213,02/14/12,06/30/18
98069,271630448,Andersen Windows South (#3),US,MN,271630448,45.02,-92.78,211,02/14/12,06/30/18
100836,271695220,Winona (#3),US,MN,271695220,44.05,-91.64,203,01/01/14,12/31/14
2241,271713201,St. Michael Elementary School (#3),US,MN,271713201,45.21,-93.67,288,01/01/13,06/30/18
101434,280110002,Cleveland Delta State (#3),US,MS,280110002,33.75,-90.73,50,02/16/18,06/30/18
2251,280330002,Hernando (#3),US,MS,280330002,34.82,-89.99,117,01/01/18,06/30/18
2572,280350004,Hattiesburg (#3),US,MS,280350004,31.32,-89.29,0,01/01/18,06/30/18
32139,280450003,Waveland (#3),US,MS,280450003,30.3,-89.4,5,01/01/18,06/30/18
17207,280470008,Gulfport Youth Court (#3),US,MS,280470008,30.39,-89.05,0,01/01/18,06/30/18
42111,280490019,University Medical Center (#3),US,MS,280490019,32.33,-90.17,106,02/01/11,06/30/12
98244,280490020,Jackson Ncore (#3),US,MS,280490020,32.33,-90.18,106,05/11/17,06/30/18
100837,280490021,Hinds Cc (#3),US,MS,280490021,32.35,-90.23,106,01/01/18,06/30/18
17208,280590006,Pascagoula (#3),US,MS,280590006,30.38,-88.53,0,01/01/18,06/30/18
24397,290210005,St. Joseph Pump Station (#3),US,MO,290210005,39.74,-94.86,258,10/07/09,03/31/11
24397,290210005,St. Joseph Pump Station (#4),US,MO,290210005,39.74,-94.86,258,04/01/11,06/30/18
24397,290210005,St. Joseph Pump Station (#5),US,MO,290210005,39.74,-94.86,258,11/02/12,06/30/18
15382,290370003,Richard Gebaur-South (#3),US,MO,290370003,38.76,-94.58,330,12/01/09,07/18/12
15382,290370003,Richard Gebaur-South (#4),US,MO,290370003,38.76,-94.58,330,07/20/12,06/30/18
15381,290390001,El Dorado Springs (#3),US,MO,290390001,37.69,-94.04,294,10/28/09,09/19/12
15381,290390001,El Dorado Springs (#4),US,MO,290390001,37.69,-94.04,294,09/20/12,06/30/18
7549,290470005,Liberty (#3),US,MO,290470005,39.3,-94.38,287,10/07/09,02/26/12
7549,290470005,Liberty (#4),US,MO,290470005,39.3,-94.38,287,03/01/12,06/30/18
1994,290770032,Msu (#4),US,MO,290770032,37.2,-93.28,399,05/04/11,04/13/15
24403,290770036,Hillcrest High School (#4),US,MO,290770036,37.26,-93.3,410,04/16/15,06/30/18
23490,290950034,Troost (#3),US,MO,290950034,39.1,-94.57,287,10/07/09,04/09/13
23490,290950034,Troost (#4),US,MO,290950034,39.1,-94.57,287,04/12/13,06/28/18
98339,290950042,"Blue Ridge, I-70 (#4)",US,MO,290950042,39.05,-94.45,293,07/01/13,06/30/18
41888,290990019,Arnold West (#3),US,MO,290990019,38.45,-90.4,195,10/14/09,12/31/11
41888,290990019,Arnold West (#4),US,MO,290990019,38.45,-90.4,195,01/06/12,06/30/18
26078,291893001,Ladue,US,MO,291893001,38.65,-90.35,156,01/01/17,06/30/18
26078,291893001,Ladue (#3),US,MO,291893001,38.65,-90.35,156,07/01/09,12/12/12
26078,291893001,Ladue (#4),US,MO,291893001,38.65,-90.35,156,12/19/12,12/21/16
14954,295100007,South Broadway (#4),US,MO,295100007,38.54,-90.26,148,04/11/11,06/30/18
15476,295100085,Blair Street (#4),US,MO,295100085,38.66,-90.2,150,01/05/11,06/30/18
15476,295100085,Blair Street (#6),US,MO,295100085,38.66,-90.2,150,01/01/18,06/30/18
15476,295100085,Blair Street (#7),US,MO,295100085,38.66,-90.2,150,03/01/18,06/30/18
40868,295100093,Branch Street (#4),US,MO,295100093,38.66,-90.19,131,10/01/11,06/30/18
98340,295100094,Forest Park (#4),US,MO,295100094,38.63,-90.28,168,01/03/13,06/30/18
98247,300270006,Lewistown (#3),US,MT,300270006,47.05,-109.46,1253,10/01/12,06/30/18
3582,300290009,White Fish Dead End (#3),US,MT,300290009,48.4,-114.34,0,05/07/10,07/13/11
14917,300290047,Kalispell Flathead Electric (#3),US,MT,300290047,48.2,-114.31,890,05/07/10,07/08/11
98081,300290049,Flathead Valley (#3),US,MT,300290049,48.36,-114.19,928,08/27/11,06/30/18
40912,300310016,West Yellowstone City Center (#3),US,MT,300310016,44.66,-111.11,2037,07/01/08,05/31/11
41899,300310017,West Yellowstone Park Ent #2,US,MT,300310017,44.66,-111.09,2030,01/01/16,08/31/18
77384,300490004,Ncore - Sieben Flats (#3),US,MT,300490004,46.85,-111.99,1194,01/11/11,06/30/18
15156,300490018,Helena Lincoln School (#3),US,MT,300490018,46.6,-112.04,1200,07/01/08,07/26/09
24469,300490026,Rossiter Pump House (#3),US,MT,300490026,46.66,-112.01,1131,08/04/09,06/30/18
24469,300490026,Rossiter Pump House (#4),US,MT,300490026,46.66,-112.01,1131,01/01/16,06/30/18
15613,300530018,Libby Courthouse Annex (#3),US,MT,300530018,48.39,-115.55,634,08/11/11,06/30/18
15647,300630024,Msla Boyd Park (#3),US,MT,300630024,46.84,-114.02,975,11/15/08,06/30/18
15647,300630024,Msla Boyd Park (#4),US,MT,300630024,46.84,-114.02,975,11/15/08,06/30/15
60021,300630037,French Town - Beckwith (#3),US,MT,300630037,47.01,-114.22,933,10/01/09,06/27/18
98248,300710010,Malta (#3),US,MT,300710010,48.32,-107.86,785,10/01/12,06/30/18
77373,300750001,Broadus (#3),US,MT,300750001,45.44,-105.37,943,01/01/10,06/30/18
32732,300810007,Hamilton - Ps 46 (#3),US,MT,300810007,46.24,-114.16,1088,07/01/08,06/30/18
41901,300830001,Sidney Oil Field (#3),US,MT,300830001,47.8,-104.49,776,10/10/08,04/24/17
101458,300830002,Sidney 201 (#3),US,MT,300830002,47.87,-104.68,713,05/01/17,06/30/18
60088,300870001,Birney - Tongue River (#3),US,MT,300870001,45.37,-106.49,961,02/05/10,06/30/18
2935,300930005,Butte Greeley School (#3),US,MT,300930005,46,-112.5,1682,03/19/10,06/30/18
32849,301110085,St Lukes (#3),US,MT,301110085,45.78,-108.51,965,05/08/15,11/29/17
101387,301110087,Billings Lockwood (#3),US,MT,301110087,45.81,-108.43,713,12/01/17,06/28/18
3921,310550019,4102 Woolworth Ave. On Healthcenter Warehouse,US,NE,310550019,41.25,-95.97,372,01/03/11,09/30/18
3921,310550019,4102 Woolworth Ave. On Healthcenter Warehouse (#3),US,NE,310550019,41.25,-95.97,372,10/01/09,10/28/10
3406,311530007,On Golden Hills Elementary Roof (#3),US,NE,311530007,41.13,-95.96,0,07/01/10,09/30/18
24551,320030043,Paul Meyer (#3),US,NV,320030043,36.11,-115.25,737,01/01/17,08/31/18
24555,320030075,Joe Neal (#3),US,NV,320030075,36.27,-115.24,709,01/01/18,08/31/18
3687,320030298,Green Valley (#3),US,NV,320030298,36.05,-115.05,0,10/03/13,08/31/18
77376,320030540,Jerome Mack-Ncore (#3),US,NV,320030540,36.14,-115.08,610,01/01/12,08/31/18
25636,320030561,Sunrise Acres (#3),US,NV,320030561,36.16,-115.11,0,10/03/12,08/31/18
3711,320031019,Jean (#3),US,NV,320031019,35.79,-115.36,924,04/05/13,08/31/18
100776,320031501,Rancho & Teddy (#3),US,NV,320031501,36.14,-115.18,1,01/01/17,08/31/18
3670,320032002,Jd Smith (#3),US,NV,320032002,36.19,-115.12,0,12/19/12,12/31/17
98249,320038000,Las Vegas Paiute Air Quality Site,US,NV,320038000,36.36,-115.36,1,03/15/13,09/30/18
24566,320050007,Se Corner Of Park Utility Yard,US,NV,320050007,38.9,-119.73,1485,04/01/13,06/30/18
3400,320310016,Reno3 (#3),US,NV,320310016,39.53,-119.81,1341,12/16/10,09/30/18
24573,320310022,Galletti,US,NV,320310022,39.53,-119.78,1341,01/01/13,11/18/14
24575,320311005,Sparks,US,NV,320311005,39.54,-119.75,1341,01/01/12,09/30/18
101081,320311007,Spanish Springs,US,NV,320311007,39.62,-119.72,1368,01/01/17,09/30/18
98343,325100020,Old National Guard Armory,US,NV,325100020,39.14,-119.77,1408,04/01/13,06/30/18
101084,330012005,Webster St. Laconia (#3),US,NH,330012005,43.52,-71.47,152,11/10/16,04/30/17
101396,330012006,Memorial Park Rd (#3),US,NH,330012006,43.52,-71.47,151,12/01/17,03/31/18
11273,330050007,Water Street (#3),US,NH,330050007,42.93,-72.27,145,10/01/08,06/30/18
33097,330090010,Lebanon Airport Road (#3),US,NH,330090010,43.63,-72.31,171,12/16/08,06/30/18
101069,330093002,Green St. Plymouth (#3),US,NH,330093002,43.76,-71.69,148,11/07/16,03/31/17
23191,330115001,Miller State Park (#3),US,NH,330115001,42.86,-71.88,694,05/06/11,06/30/18
3962,330150014,Portsmouth - Peirce Island (#3),US,NH,330150014,43.08,-70.75,10,02/01/10,05/31/14
3962,330150014,Portsmouth - Peirce Island (#6),US,NH,330150014,43.08,-70.75,10,09/12/13,06/30/18
98090,330150018,Moosehill School (#3),US,NH,330150018,42.86,-71.38,108,01/01/11,06/30/18
41078,340010006,Brigantine (#3),US,NJ,340010006,39.46,-74.45,5,01/01/16,06/30/18
100789,340030010,Fort Lee Near Road (#3),US,NJ,340030010,40.85,-73.97,87,01/01/15,06/30/18
98091,340070002,Camden Spruce Street (#3),US,NJ,340070002,39.93,-75.13,4,01/01/16,06/30/18
26103,340110007,Millville (#3),US,NJ,340110007,39.42,-75.03,22,01/01/16,06/30/18
42071,340130003,Newark - Firehouse (#3),US,NJ,340130003,40.72,-74.19,27,01/01/16,06/30/18
3884,340171003,Jersey City Firehouse (#3),US,NJ,340171003,40.73,-74.05,6,01/01/16,06/30/18
26107,340190001,Flemington (#3),US,NJ,340190001,40.52,-74.81,45,02/19/16,06/29/18
26108,340210005,Rider University (#3),US,NJ,340210005,40.28,-74.74,30,01/01/16,06/30/18
26109,340230011,Rutgers University (#3),US,NJ,340230011,40.46,-74.43,19,01/01/16,06/30/18
11904,340390004,Elizabeth Lab (#3),US,NJ,340390004,40.64,-74.21,5,01/04/16,06/11/18
77272,340410007,Columbia Wma (#3),US,NJ,340410007,40.92,-75.07,146,01/01/16,06/30/18
11196,350010023,Del Norte High School,US,NM,350010023,35.13,-106.59,1593,01/01/13,06/30/18
11200,350010024,South East Heights (#3),US,NM,350010024,35.06,-106.58,1616,07/01/13,04/30/15
23496,350010029,South Valley,US,NM,350010029,35.02,-106.66,1508,12/07/12,06/30/18
23497,350011013,North Valley,US,NM,350011013,35.19,-106.61,1523,01/01/18,06/30/18
23499,350130016,6Cm Anthony,US,NM,350130016,32,-106.6,1159,01/01/15,09/30/18
23500,350130021,6Zm Desert View,US,NM,350130021,31.8,-106.58,1219,01/01/15,01/11/17
23501,350130022,6Zn Santa Teresa,US,NM,350130022,31.79,-106.68,1280,07/30/18,09/30/18
11724,350130025,6Q Las Cruces (#2),US,NM,350130025,32.32,-106.77,1219,04/01/17,06/30/18
33431,350250008,5Zs Hobbs Jefferson (#2),US,NM,350250008,32.73,-103.12,1110,02/17/17,09/30/18
41094,350490021,"2001 Aviation Drive, Santa Fe, Nm",US,NM,350490021,35.62,-106.08,1930,03/23/17,09/30/18
23504,350550005,Fire Station Santiago Road,US,NM,350550005,36.38,-105.58,0,12/04/17,09/30/18
11556,360010005,Albany County Health Dept (#3),US,NY,360010005,42.64,-73.75,7,06/12/17,09/30/18
11156,360050110,Is 52 (#4),US,NY,360050110,40.82,-73.9,17,03/06/14,03/30/18
25638,360551007,Rochester 2 (#4),US,NY,360551007,43.15,-77.55,137,06/21/14,09/27/18
11109,360671015,East Syracuse (#4),US,NY,360671015,43.05,-76.06,127,07/03/14,09/30/18
11482,360810124,Queens College 2 (#4),US,NY,360810124,40.74,-73.82,25,01/17/14,09/30/18
11693,361010003,Pinnacle State Park (#4),US,NY,361010003,42.09,-77.21,507,07/01/14,09/30/18
10335,370210034,Board Of Ed. Bldg. (#3),US,NC,370210034,35.61,-82.58,663,06/21/16,10/31/18
10779,370330001,Cherry Grove (#3),US,NC,370330001,36.31,-79.47,241,03/12/12,01/05/16
10785,370350004,Hickory Water Tower (#3),US,NC,370350004,35.73,-81.37,333,12/11/14,07/07/16
10785,370350004,Hickory Water Tower (#4),US,NC,370350004,35.73,-81.37,333,01/01/16,10/31/18
10948,370510009,William Owen School (#3),US,NC,370510009,35.04,-78.95,63,12/30/15,10/31/18
10827,370570002,Lexington Water Tower (#3),US,NC,370570002,35.81,-80.26,241,08/01/14,10/31/18
10826,370610002,Kenansville (#3),US,NC,370610002,34.95,-77.96,34,03/02/12,02/28/14
41159,370630015,Durham Armory (#3),US,NC,370630015,36.03,-78.9,118,06/03/15,10/31/18
10445,370670022,Hattie Avenue (#3),US,NC,370670022,36.11,-80.23,284,01/01/18,09/30/18
10580,370810013,Mendenhall School (#3),US,NC,370810013,36.11,-79.8,247,11/09/15,10/31/18
34249,371010002,West Johnston Co. (#3),US,NC,371010002,35.59,-78.46,127,06/15/16,10/31/18
98346,371050002,Blackstone (#3),US,NC,371050002,35.43,-79.29,131,01/01/14,12/31/15
25643,371170001,Jamesville School (#3),US,NC,371170001,35.81,-76.91,14,10/25/12,10/24/14
10277,371190041,Garinger High School (#4),US,NC,371190041,35.24,-80.79,232,03/06/17,10/31/18
10278,371190042,Montclaire Elementary School (#4),US,NC,371190042,35.15,-80.87,209,05/01/18,10/31/18
100744,371190045,Remount (#4),US,NC,371190045,35.21,-80.87,194,04/01/18,10/31/18
98790,371210004,Spruce Pine Hospital (#3),US,NC,371210004,35.91,-82.06,788,07/18/16,10/31/18
10282,371230001,Candor: Epa Castnet Site (#3),US,NC,371230001,35.26,-79.84,173,08/01/13,10/31/18
10274,371290002,Castle Hayne (#3),US,NC,371290002,34.36,-77.84,12,10/24/12,10/31/18
25659,371590021,Rockwell (#3),US,NC,371590021,35.55,-80.4,240,01/21/15,12/31/15
10033,371730002,Bryson City (#3),US,NC,371730002,35.43,-83.44,560,06/17/09,10/31/18
10063,371830014,Millbrook School (#3),US,NC,371830014,35.86,-78.57,100,06/01/09,10/31/18
10063,371830014,Millbrook School (#5),US,NC,371830014,35.86,-78.57,100,04/01/18,10/31/18
98347,371830021,Triple Oak (#3),US,NC,371830021,35.87,-78.82,97,01/04/17,10/31/18
10084,371890003,Boone (School) (#3),US,NC,371890003,36.22,-81.66,945,01/01/15,08/18/15
10090,371910005,Dillard School (#3),US,NC,371910005,35.37,-77.99,33,11/01/12,12/31/14
10487,380070002,Painted Canyon (#3),US,ND,380070002,46.89,-103.38,832,11/01/14,09/30/18
23524,380130004,Lostwood Nwr (#3),US,ND,380130004,48.64,-102.4,696,07/19/10,09/30/18
10519,380150003,Bismarck Residential (#3),US,ND,380150003,46.83,-100.77,580,01/01/09,09/30/18
10519,380150003,Bismarck Residential (#4),US,ND,380150003,46.83,-100.77,580,04/03/17,09/30/18
10411,380171004,Fargo Nw (#3),US,ND,380171004,46.93,-96.86,275,04/15/10,09/30/18
34446,380250003,Dunn Center (#3),US,ND,380250003,47.31,-102.53,683,09/26/11,06/19/18
101451,380250004,Lake Ilo (#3),US,ND,380250004,47.34,-102.65,684,07/03/18,09/30/18
9791,380530002,Trnp-Nu (#3),US,ND,380530002,47.58,-103.3,624,07/29/10,09/30/18
11530,380570004,Beulah North (#3),US,ND,380570004,47.3,-101.77,630,07/26/10,09/30/18
39334,380650002,Hannover (#3),US,ND,380650002,47.19,-101.43,697,11/17/11,09/30/18
101011,381010003,Ryder (#3),US,ND,381010003,47.94,-101.57,639,02/06/17,09/30/18
98251,381050003,Williston (#3),US,ND,381050003,48.15,-103.64,580,01/01/13,09/30/18
10669,390230005,Springfield Fire St1 (#3),US,OH,390230005,39.93,-83.81,297,01/26/18,09/30/18
9752,390350060,Gt Craig Ncore (#3),US,OH,390350060,41.49,-81.68,206,04/01/12,08/31/18
23527,390490029,New Albany (#3),US,OH,390490029,40.08,-82.82,311,06/24/10,12/31/16
98349,390490038,Smoky Row Near Road (#3),US,OH,390490038,40.11,-83.07,270,09/28/18,09/30/18
23528,390570005,Yellow Springs (#3),US,OH,390570005,39.81,-83.89,293,01/26/18,09/30/18
26179,390610006,Sycamore (#3),US,OH,390610006,39.28,-84.37,259,01/09/15,09/30/18
10355,390610040,Taft (#3),US,OH,390610040,39.13,-84.5,256,03/14/15,09/30/18
98350,390610048,Cincinnati Near Road (#3),US,OH,390610048,39.15,-84.54,162,01/01/17,09/30/18
23529,390810017,Stuebenville (#3),US,OH,390810017,40.37,-80.62,222,07/13/11,12/31/16
42161,391030004,Chippewa (#3),US,OH,391030004,41.06,-81.92,322,09/01/09,08/31/18
98783,391130038,Sinclair (#3),US,OH,391130038,39.76,-84.2,220,01/26/18,09/30/18
9224,391351001,Preble Ncore (#3),US,OH,391351001,39.84,-84.72,357,01/23/18,09/30/18
9030,391510020,Canton (#3),US,OH,391510020,40.8,-81.37,311,05/14/16,09/30/18
9078,391530017,East Hs (#3),US,OH,391530017,41.06,-81.47,310,03/05/10,08/31/18
35266,400019009,Stilwell (#2),US,OK,400019009,35.75,-94.67,300,03/16/09,12/31/10
35280,400190297,Healdton Lake (#3),US,OK,400190297,34.24,-97.46,290,04/12/16,10/31/18
39335,400270049,Moore Water Tower (#3),US,OK,400270049,35.32,-97.48,372,05/10/13,10/31/18
41277,400310651,Lawton North (#3),US,OK,400310651,34.63,-98.43,362,04/10/13,10/31/18
35306,400430860,Seiling Municipal Airport (#3),US,OK,400430860,36.16,-98.93,533,08/21/14,10/31/18
98112,400710604,Ponca City (#3),US,OK,400710604,36.7,-97.08,300,03/07/12,10/31/18
35349,400850300,Weather Station - Burnyeyville Mesonet Site,US,OK,400850300,33.88,-97.28,228,04/08/13,12/31/13
35349,400850300,Weather Station - Burnyeyville Mesonet Site (#3),US,OK,400850300,33.88,-97.28,228,01/01/14,12/29/15
101467,401050207,Union (#3),US,OK,401050207,36.92,-95.63,226,01/09/18,10/31/18
100831,401090097,Near Road (#3),US,OK,401090097,35.5,-97.58,1,04/01/18,10/31/18
8640,401091037,Okc North (#3),US,OK,401091037,35.61,-97.48,354,05/17/13,10/31/18
8305,401210415,Mcalester Municipal Airport (#3),US,OK,401210415,34.89,-95.78,231,01/01/12,10/31/18
26216,401430174,Tulsa South (#3),US,OK,401430174,35.95,-96,223,06/19/13,10/31/18
9139,401431127,North Tulsa - Fire Station#24 (#3),US,OK,401431127,36.2,-95.98,198,06/27/13,10/31/18
100870,401470217,Copan (#3),US,OK,401470217,36.51,-95.88,1,05/24/16,01/09/18
100859,410597002,46330 Timine Way (#2),US,OR,410597002,45.66,-118.69,372,07/01/14,12/04/15
8785,420010001,Narsto Site Arendtsville (#3),US,PA,420010001,39.92,-77.31,269,07/01/09,06/30/18
24854,420030002,Avalon (#2),US,PA,420030002,40.5,-80.07,256,01/01/17,09/30/18
24854,420030002,Avalon (#3),US,PA,420030002,40.5,-80.07,256,01/01/10,05/31/11
8793,420030008,Lawrenceville (#3),US,PA,420030008,40.47,-79.96,256,04/01/16,09/30/18
8834,420030064,Liberty (#3),US,PA,420030064,40.32,-79.87,0,01/01/18,09/30/18
100860,420031376,Parkway East Near-Road,US,PA,420031376,40.44,-79.86,355,01/01/16,09/30/18
23535,420050001,Lat/Lon Is Center Of Trailer (#3),US,PA,420050001,40.81,-79.56,200,07/01/09,04/19/18
23535,420050001,Lat/Lon Is Center Of Trailer (#5),US,PA,420050001,40.81,-79.56,200,05/07/18,06/30/18
8203,420070014,Eight Street And River Alley (#3),US,PA,420070014,40.75,-80.32,216,10/07/10,06/13/18
8203,420070014,Eight Street And River Alley (#5),US,PA,420070014,40.75,-80.32,216,06/14/18,06/30/18
41345,420110011,Reading Airport (#3),US,PA,420110011,40.38,-75.97,92,10/07/10,08/22/17
41345,420110011,Reading Airport (#5),US,PA,420110011,40.38,-75.97,92,09/01/17,06/30/18
24868,420130801,2Nd Ave & 7Th St (#3),US,PA,420130801,40.54,-78.37,378,06/01/10,06/30/18
98357,420150011,Towanda (#3),US,PA,420150011,41.71,-76.51,340,01/01/16,06/30/18
8634,420170012,A420170012Lat/Long Point Is Of Sampling Inlet (#3),US,PA,420170012,40.11,-74.88,12,06/01/10,12/31/15
8235,420210011,Miller Auto Shop 1 Messenger St (#3),US,PA,420210011,40.31,-78.92,361,04/01/09,05/07/18
8235,420210011,Miller Auto Shop 1 Messenger St (#5),US,PA,420210011,40.31,-78.92,361,05/09/18,06/12/18
8235,420210011,Miller Auto Shop 1 Messenger St (#6),US,PA,420210011,40.31,-78.92,361,06/01/18,06/30/18
8244,420270100,Lat/Lon=Point Sw Corner Of Trailer (#3),US,PA,420270100,40.81,-77.88,0,09/05/10,06/19/18
8244,420270100,Lat/Lon=Point Sw Corner Of Trailer (#5),US,PA,420270100,40.81,-77.88,0,06/20/18,06/30/18
8250,420290100,Chester County Transport Site Into Philadelphia...,US,PA,420290100,39.83,-75.77,0,07/01/09,06/30/18
8307,420410101,Lat/Lon Point=Location Of Pm-2.5 Monitor Inlet ...,US,PA,420410101,40.25,-77.19,0,01/01/09,09/07/17
8307,420410101,Lat/Lon Point=Location Of Pm-2.5 Monitor Inlet ...,US,PA,420410101,40.25,-77.19,0,10/26/17,06/30/18
1808,420430401,A420430401Lat/Lon Point Is At Corner Of Trailer...,US,PA,420430401,40.25,-76.85,125,01/08/09,03/31/17
1808,420430401,A420430401Lat/Lon Point Is At Corner Of Trailer...,US,PA,420430401,40.25,-76.85,125,04/10/17,06/30/18
1810,420450002,A420450002Lat/Lon Point Is Of Corner Of Trailer...,US,PA,420450002,39.84,-75.37,3,04/01/09,06/30/18
35911,420450109,A420450109Lat/Lon Point Is Of Corner Of Trailer...,US,PA,420450109,39.82,-75.41,0,01/06/15,06/15/18
1804,420490003,10Th And Marne Streets (#3),US,PA,420490003,42.14,-80.04,0,07/01/09,06/30/18
35943,420590002,75 Km Ssw Of Pittsburgh Rural Site On A Knoll W...,US,PA,420590002,39.81,-80.27,450,01/01/16,08/15/17
35943,420590002,75 Km Ssw Of Pittsburgh Rural Site On A Knoll W...,US,PA,420590002,39.81,-80.27,450,09/19/17,06/30/18
17979,420692006,A420692006Lat/Lon Point Is At Corner Of Trailer...,US,PA,420692006,41.44,-75.62,251,07/01/09,06/30/18
17997,420710007,A420710007Lat/Lon Point At Corner Of Trailer (#3),US,PA,420710007,40.05,-76.28,99,10/07/10,06/30/18
41923,420710012,Lancaster Dw (#3),US,PA,420710012,40.04,-76.11,116,01/01/14,06/30/18
98126,420750100,Lebanon (#3),US,PA,420750100,40.34,-76.38,158,03/10/11,02/26/18
98126,420750100,Lebanon (#5),US,PA,420750100,40.34,-76.38,158,02/27/18,06/30/18
8524,420770004,A420770004Lat/Long Point Is Of Sampling Inlet (#3),US,PA,420770004,40.61,-75.43,116,01/06/16,06/30/18
8325,420850100,Pa518 (New Castle Road) & Pa418 (#3),US,PA,420850100,41.22,-80.48,329,11/03/10,03/09/18
8325,420850100,Pa518 (New Castle Road) & Pa418 (#5),US,PA,420850100,41.22,-80.48,329,03/20/18,06/30/18
36131,420890002,Swiftwater (#3),US,PA,420890002,41.08,-75.32,370,06/07/10,04/05/18
8331,420910013,A420910013Lat/Lon Point Is Of Corner Of Trailer...,US,PA,420910013,40.11,-75.31,53,10/14/10,03/08/18
8331,420910013,A420910013Lat/Lon Point Is Of Corner Of Trailer...,US,PA,420910013,40.11,-75.31,53,03/15/18,06/30/18
8351,420950025,Lat/Lon Point Is Center Of Trailer (#3),US,PA,420950025,40.63,-75.34,0,07/01/09,06/30/18
18521,421010047,Community Health Services (Chs) (#3),US,PA,421010047,39.94,-75.17,21,04/01/13,06/30/15
36178,421010048,North East Waste (New) (#3),US,PA,421010048,39.99,-75.08,22,10/19/13,06/30/18
36180,421010055,Ritner (Rit) (#3),US,PA,421010055,39.92,-75.19,4,04/01/13,06/30/18
41402,421010057,Fire Administration Building (Fab) (#3),US,PA,421010057,39.96,-75.14,12,07/02/13,06/30/18
98358,421010075,Torresdale Station,US,PA,421010075,40.05,-74.99,9,03/05/14,06/30/18
100913,421010076,Car-Barn Montgomery I -76,US,PA,421010076,39.99,-75.21,4,09/02/15,06/30/18
77297,421011002,Baxter (Bax) (#3),US,PA,421011002,40.04,-75,9,01/01/11,09/24/13
36193,421174000,Penn State Ozone Monitoring Site (#3),US,PA,421174000,41.64,-76.94,650,10/09/14,06/27/18
36193,421174000,Penn State Ozone Monitoring Site (#5),US,PA,421174000,41.64,-76.94,650,06/28/18,06/30/18
18540,421250005,Charler01 Waste Treatment Plant (#3),US,PA,421250005,40.15,-79.9,232,04/01/09,06/30/18
18540,421250005,Charler01 Waste Treatment Plant (#5),US,PA,421250005,40.15,-79.9,232,05/09/17,06/30/18
7601,421250200,Mccarrell And Fayette Sts (#3),US,PA,421250200,40.17,-80.26,334,11/10/10,03/15/18
18033,421255001,Hillman State Park - Kings Creek Road (#3),US,PA,421255001,40.45,-80.42,335,07/01/09,06/30/18
18042,421290008,Lat/Lon Point Is Trailer (#3),US,PA,421290008,40.3,-79.51,0,07/01/09,06/05/17
18042,421290008,Lat/Lon Point Is Trailer (#4),US,PA,421290008,40.3,-79.51,0,01/01/12,12/21/17
18042,421290008,Lat/Lon Point Is Trailer (#5),US,PA,421290008,40.3,-79.51,0,06/06/17,06/30/18
18042,421290008,Lat/Lon Point Is Trailer (#6),US,PA,421290008,40.3,-79.51,0,12/22/17,05/28/18
18056,421330008,A421330008Lat/Lon Point At Corner Of Trailer (#3),US,PA,421330008,39.97,-76.7,125,10/07/10,02/13/18
18056,421330008,A421330008Lat/Lon Point At Corner Of Trailer (#5),US,PA,421330008,39.97,-76.7,125,03/08/18,06/30/18
18064,440030002,Aj (#3),US,RI,440030002,41.62,-71.72,67,12/11/08,03/31/18
8541,440070022,Urban League Building Rooftop (#3),US,RI,440070022,41.81,-71.42,0,09/01/12,03/31/18
100774,440070030,Near Rd,US,RI,440070030,41.83,-71.42,23,04/01/14,03/31/18
18335,440071010,Francis School East Providence (#3),US,RI,440071010,41.84,-71.36,15,01/01/11,03/31/18
18109,440090007,Us-Epa Laboratory,US,RI,440090007,41.5,-71.42,0,09/01/12,03/31/18
41933,450450015,Greenville Esc (#3),US,SC,450450015,34.84,-82.41,308,01/01/11,10/31/18
18238,450630008,Irmo (#3),US,SC,450630008,34.05,-81.15,69,10/15/15,10/11/18
18248,450730001,Long Creek (#3),US,SC,450730001,34.81,-83.24,658,01/24/11,10/31/18
98136,460110003,Research Farm (#3),US,SD,460110003,44.35,-96.81,504,01/08/15,06/30/18
23543,460290002,Watertown Utility Yard (#3),US,SD,460290002,44.9,-97.13,524,01/01/12,06/30/18
36465,460330132,Wind Cave Np - Visitor Center (#3),US,SD,460330132,43.56,-103.48,1288,01/01/09,06/30/18
100782,460650003,Pierre Airport (#3),US,SD,460650003,44.37,-100.29,524,01/01/15,06/30/18
13038,460710001,South Of Badlands Np Headquarters (#3),US,SD,460710001,43.75,-101.94,742,01/01/09,06/30/18
41934,460990008,Sd School For The Deaf (#3),US,SD,460990008,43.55,-96.7,451,01/01/09,06/30/18
23544,461030020,Credit Union (#3),US,SD,461030020,44.09,-103.27,1042,01/01/09,06/30/18
42136,461270001,Union County #1 Jensen (#3),US,SD,461270001,42.75,-96.71,344,01/01/09,06/30/18
42137,461270002,Union County #2 Renken (#3),US,SD,461270002,42.85,-96.75,378,01/01/09,12/31/13
12822,470090011,Maryville Pm 2.5 Monitors (#3),US,TN,470090011,35.77,-83.94,320,10/02/17,06/30/18
18598,470450004,Dyersburg Pm 2.5 Monitor (#3),US,TN,470450004,36.05,-89.38,100,04/01/17,06/30/18
12801,470654002,Siskin Drive (#3),US,TN,470654002,35.05,-85.29,215,02/15/17,10/31/18
12806,470990002,Lawrence Co Ozone Monitor (#3),US,TN,470990002,35.12,-87.47,252,10/01/17,06/30/18
36711,471050109,Loudon Middle School Ozone Monitor (#3),US,TN,471050109,35.72,-84.34,248,06/01/17,06/30/18
36711,471050109,Loudon Middle School Ozone Monitor (#4),US,TN,471050109,35.72,-84.34,248,01/01/18,06/30/18
18447,471071002,Athens Pm 2.5 Monitor (#3),US,TN,471071002,35.45,-84.6,280,05/18/17,06/30/18
25646,471130006,Jackson Pm 2.5 Monitor (#3),US,TN,471130006,35.65,-88.81,490,07/21/17,06/30/18
12731,471192007,Columbia Pm 2.5 (#3),US,TN,471192007,35.65,-87.01,219,04/25/17,06/30/18
12923,471251009,Clarksville Pm 2.5 Monitor (#3),US,TN,471251009,36.51,-87.33,165,01/18/17,06/30/18
36785,471410005,Cookeville Pm 2.5 Monitor (#3),US,TN,471410005,36.19,-85.49,358,04/01/17,06/30/18
13054,471450004,Harriman High School (#3),US,TN,471450004,35.94,-84.54,240,04/01/17,06/30/18
41535,471451001,Tva Fly Ash Spill Site (#3),US,TN,471451001,35.92,-84.5,349,08/05/10,08/27/14
60041,471453005,Ps05 Tva Fly Ash Spill (#3),US,TN,471453005,35.9,-84.52,242,07/23/10,08/27/14
60043,471453008,Ps08 Tva Fly Ash Spill (#3),US,TN,471453008,35.91,-84.5,245,07/25/10,08/27/14
60044,471453009,Ps09 Tva Fly Ash Spill (#3),US,TN,471453009,35.89,-84.52,231,07/23/10,08/27/14
77367,471453013,Ps13 Tva Fly Ash Spill (#3),US,TN,471453013,35.93,-84.52,748,04/26/10,08/27/14
18755,471631007,Kingsport Pm 2.5 Monitor (#3),US,TN,471631007,36.54,-82.52,4330,04/01/17,06/30/18
12889,471650007,Hendersonville Ozone Site At Old Hickory Dam (#3),US,TN,471650007,36.3,-86.65,143,04/01/17,06/30/18
12085,480430101,Big Bend Np - K-Bar Ranch Road,US,TX,480430101,29.3,-103.18,1057,05/05/17,06/30/18
23550,480610006,Brownsville (#2),US,TX,480610006,25.89,-97.49,6,01/24/18,08/31/18
725,481130069,Dallas Hinton (#4),US,TX,481130069,32.82,-96.86,127,03/22/11,06/30/18
23554,481351014,Odessa Gonzales,US,TX,481351014,31.87,-102.33,884,07/10/18,08/31/18
12768,481410044,El Paso Chamizal (#6),US,TX,481410044,31.77,-106.46,1122,01/25/11,06/30/18
12467,482010058,Baytown (#2),US,TX,482010058,29.77,-95.03,9,03/21/17,06/30/18
12488,482011034,Houston East,US,TX,482011034,29.77,-95.22,9,07/13/17,06/30/18
930,482011039,Houston Deer Park #2 (#4),US,TX,482011039,29.67,-95.13,6,01/05/11,06/30/18
12515,482150043,Mission (#2),US,TX,482150043,26.23,-98.29,37,01/24/18,08/31/18
12534,482450021,Port Arthur Memorial School (#4),US,TX,482450021,29.92,-93.91,0,07/25/17,06/30/18
12537,482450022,Hamshire (#2),US,TX,482450022,29.86,-94.32,5,05/16/17,06/30/18
23167,482730314,National Seashore,US,TX,482730314,27.43,-97.3,0,03/14/18,06/30/18
100890,483031028,Lubbock 12Th Street,US,TX,483031028,33.59,-101.79,501,07/11/18,08/31/18
37324,483230004,Eagle Pass,US,TX,483230004,28.7,-100.45,255,03/28/18,08/31/18
12168,483550032,Corpus Christi Huisache (#3),US,TX,483550032,27.8,-97.43,6,03/13/18,06/30/18
12168,483550032,Corpus Christi Huisache (#4),US,TX,483550032,27.8,-97.43,6,03/13/18,06/30/18
23168,483611100,Intersection Of Tx Hwys 62 And 12,US,TX,483611100,30.19,-93.87,0,07/27/17,06/30/18
39320,483750320,Amarillo A&M (#2),US,TX,483750320,35.2,-101.91,1122,07/12/18,08/31/18
12344,484530021,Austin Webberville Rd (#3),US,TX,484530021,30.26,-97.71,152,04/27/17,07/31/18
23565,484790313,World Trade Bridge,US,TX,484790313,27.6,-99.53,146,03/28/18,08/31/18
894,490030003,Brigham City (#3),US,UT,490030003,41.49,-112.02,1334,06/22/16,10/31/18
894,490030003,Brigham City (#4),US,UT,490030003,41.49,-112.02,1334,01/01/13,12/31/15
908,490050004,Logan #4 (#4),US,UT,490050004,41.73,-111.84,1380,01/01/13,12/04/15
98799,490050007,675 West 220 North (#3),US,UT,490050007,41.84,-111.85,1,01/14/16,09/30/18
98799,490050007,675 West 220 North (#4),US,UT,490050007,41.84,-111.85,1,02/16/16,09/30/18
98799,490050007,675 West 220 North (#5),US,UT,490050007,41.84,-111.85,1,03/12/18,09/30/18
23222,490110004,Bountiful Viewmont (#3),US,UT,490110004,40.9,-111.88,1309,01/01/15,10/31/18
98157,490130002,290 S. 1000 W. (#3),US,UT,490130002,40.29,-110.01,1596,01/01/15,10/31/18
25016,490137011,Station Located Near Intersection Of 6000 So & ...,US,UT,490137011,40.22,-110.18,1606,01/01/11,12/31/11
101439,490210005,3840 North 325 East,US,UT,490210005,37.75,-113.06,1692,01/01/18,11/01/18
101426,490352005,8449 S. Monroe St. (#4),US,UT,490352005,40.6,-111.89,1,05/08/18,10/31/18
677,490353006,Hawthorne (#2),US,UT,490353006,40.74,-111.87,1306,01/29/18,10/31/18
677,490353006,Hawthorne (#4),US,UT,490353006,40.74,-111.87,1306,01/01/15,10/31/18
677,490353006,Hawthorne (#5),US,UT,490353006,40.74,-111.87,1306,01/01/16,12/31/17
677,490353006,Hawthorne (#6),US,UT,490353006,40.74,-111.87,1306,01/01/13,12/31/14
41636,490353010,Rose Park (#3),US,UT,490353010,40.78,-111.93,1286,01/01/17,11/01/18
100741,490353013,14058 Mirabella Dr. (#3),US,UT,490353013,40.5,-112.04,1,02/08/16,01/23/18
100741,490353013,14058 Mirabella Dr. (#5),US,UT,490353013,40.5,-112.04,1,01/27/18,10/31/18
37520,490450003,Tooele (#4),US,UT,490450003,40.54,-112.3,1511,01/01/13,12/31/14
100756,490450004,2163 W. Erda Way (#3),US,UT,490450004,40.6,-112.35,1,02/05/16,10/31/18
100757,490471004,628 North 1700 West (#4),US,UT,490471004,40.46,-109.56,1,10/02/15,10/31/18
98163,490475632,"Accessed From Dragon Road/145-S, Uintah Co, Ut ...",US,UT,490475632,39.87,-109.1,1879,01/01/12,06/30/13
703,490490002,North Provo (#3),US,UT,490490002,40.25,-111.66,1402,02/03/16,12/29/17
703,490490002,North Provo (#5),US,UT,490490002,40.25,-111.66,1402,02/01/13,10/20/15
1066,490494001,Lindon (#3),US,UT,490494001,40.34,-111.71,1442,02/04/16,10/25/17
1066,490494001,Lindon (#4),US,UT,490494001,40.34,-111.71,1442,01/01/13,09/28/15
1066,490494001,Lindon (#5),US,UT,490494001,40.34,-111.71,1442,11/08/17,11/01/18
1072,490495010,Spanish Fork (#3),US,UT,490495010,40.14,-111.66,1380,01/24/18,11/01/18
98164,490530007,"147 N 870 W, Hurrricane, Utah (#3)",US,UT,490530007,37.18,-113.31,846,01/01/15,10/11/18
37550,490530130,Zion Np - Dalton'S Wash,US,UT,490530130,37.2,-113.15,1213,01/07/09,07/31/13
1080,490570002,Ogden (#3),US,UT,490570002,41.21,-111.98,1316,03/01/16,12/31/17
1080,490570002,Ogden (#4),US,UT,490570002,41.21,-111.98,1316,01/01/13,12/31/15
1080,490570002,Ogden (#5),US,UT,490570002,41.21,-111.98,1316,01/03/17,09/30/18
23567,500030004,Morse Airport - State Of Vermont Property (#3),US,VT,500030004,42.89,-73.25,241,01/01/15,06/30/18
1101,500070007,Proctor Maple Research Ctr (#3),US,VT,500070007,44.53,-72.87,392,01/01/14,06/30/18
23568,500070014,City Of Burlington Parking Lot (#3),US,VT,500070014,44.48,-73.21,63,01/01/14,06/30/18
12214,500210002,State Of Vermont District Court Parking Lot (#4),US,VT,500210002,43.61,-72.98,165,01/01/14,06/30/18
41956,510030001,Albemarle High School (#3),US,VA,510030001,38.08,-78.5,172,06/08/16,06/30/18
100902,510590031,Springfield Near Road Site (#3),US,VA,510590031,38.77,-77.18,74,04/06/16,06/30/18
60089,516500008,Nasa Langley Research Center (#3),US,VA,516500008,37.1,-76.39,2,04/10/17,06/30/18
98366,517600025,Bryan Park (#3),US,VA,517600025,37.59,-77.47,55,01/01/15,06/30/18
98262,530070011,Wenatchee-Fifth St (#3),US,WA,530070011,47.43,-120.34,260,12/18/12,07/06/16
98262,530070011,Wenatchee-Fifth St (#5),US,WA,530070011,47.43,-120.34,260,07/12/16,03/29/17
16656,530110013,Vancouver - 4Th Pl Blvd E (#3),US,WA,530110013,45.65,-122.59,71,10/01/11,08/27/13
98367,530110023,Vancouver-Ne Vancouver Plaza Dr (#3),US,WA,530110023,45.65,-122.59,77,09/04/13,12/30/14
100785,530110024,Vancouver-Ne 84Th Ave (#3),US,WA,530110024,45.64,-122.59,54,12/24/14,10/31/15
100785,530110024,Vancouver-Ne 84Th Ave (#5),US,WA,530110024,45.64,-122.59,54,11/25/15,07/31/18
98784,530330030,Seattle-10Th & Weller (#3),US,WA,530330030,47.6,-122.32,15,05/21/14,03/31/17
98784,530330030,Seattle-10Th & Weller (#5),US,WA,530330030,47.6,-122.32,15,04/01/17,07/31/18
16442,530330057,Seattle - Duwamish (#3),US,WA,530330057,47.56,-122.34,1,12/27/10,07/26/18
802,530330080,Seattle - Beacon Hill (#3),US,WA,530330080,47.57,-122.31,105,03/01/10,06/30/18
16888,530332004,Kent - James & Central (#3),US,WA,530332004,47.39,-122.23,20,12/17/10,07/31/18
98169,530350007,Bremerton-Spruce Ave (#3),US,WA,530350007,47.59,-122.63,78,05/01/12,07/31/18
25078,530370002,Ellensburg - Ruby St (#3),US,WA,530370002,46.99,-120.55,500,01/01/15,08/16/16
25078,530370002,Ellensburg - Ruby St (#5),US,WA,530370002,46.99,-120.55,500,08/24/16,07/31/18
77339,530470013,Omak-Colville Tribe (#5),US,WA,530470013,48.4,-119.52,5,10/11/16,07/13/18
100901,530530024,1802 S 36Th St (#5),US,WA,530530024,47.23,-122.46,108,02/04/16,07/31/18
16882,530530029,Tacoma - L Street (#3),US,WA,530530029,47.19,-122.45,103,12/27/10,07/31/18
16882,530530029,Tacoma - L Street (#4),US,WA,530530029,47.19,-122.45,103,12/16/10,05/31/12
98172,530570011,Anacortes-202 Ave (#3),US,WA,530570011,48.52,-122.61,7,01/01/13,06/28/16
98172,530570011,Anacortes-202 Ave (#5),US,WA,530570011,48.52,-122.61,7,07/15/16,07/31/18
1461,530610005,Lynnwood - 212Th (#3),US,WA,530610005,47.81,-122.32,99,01/06/11,07/31/18
1461,530610005,Lynnwood - 212Th (#4),US,WA,530610005,47.81,-122.32,99,09/18/13,06/24/15
41803,530610020,Darrington - Fir St (Darrington High School) (#3),US,WA,530610020,48.25,-121.6,182,12/28/10,07/31/18
1463,530611007,Marysville - 7Th Ave (Marysville Junior High) (#3),US,WA,530611007,48.05,-122.17,2,01/06/11,07/31/18
1463,530611007,Marysville - 7Th Ave (Marysville Junior High) (#4),US,WA,530611007,48.05,-122.17,2,07/06/12,03/31/17
42128,530630021,Spokane - Augusta Ave (#3),US,WA,530630021,47.67,-117.36,585,05/03/14,07/17/15
42128,530630021,Spokane - Augusta Ave (#5),US,WA,530630021,47.67,-117.36,585,10/02/15,07/31/18
16382,530730015,Bellingham - Yew Street (#3),US,WA,530730015,48.76,-122.44,24,11/29/12,12/31/17
101440,530730019,2221 Pacific Street (#5),US,WA,530730019,48.76,-122.46,24,01/02/18,07/31/18
15912,530770009,Yakima - 4Th Ave (#3),US,WA,530770009,46.6,-120.5,326,10/03/11,09/14/15
15912,530770009,Yakima - 4Th Ave (#5),US,WA,530770009,46.6,-120.5,326,09/21/15,07/31/18
41822,530770015,Toppenish - Ward Rd (Yakama Tribe) (#5),US,WA,530770015,46.38,-120.33,216,08/03/16,07/31/18
100882,540390020,Charleston - 1436 Dixie Street (#2),US,WV,540390020,38.35,-81.62,223,08/01/16,05/27/18
16233,550090005,Green Bay East High (#3),US,WI,550090005,44.51,-87.99,184,02/02/10,06/30/18
26335,550250041,Madison East (#3),US,WI,550250041,43.1,-89.36,260,04/01/10,06/30/18
26336,550270001,Horicon Wildlife Area (#3),US,WI,550270001,43.47,-88.62,287,02/03/10,06/30/18
98181,550350014,Eau Claire - Dot Sign Shop (#3),US,WI,550350014,44.76,-91.14,282,01/01/17,06/30/18
25110,550410007,Potawatomi (#3),US,WI,550410007,45.57,-88.81,559,01/31/11,06/30/18
16091,550430009,Potosi (#3),US,WI,550430009,42.69,-90.7,303,01/01/17,06/30/18
2606,550590019,Chiwaukee Prairie Stateline (#3),US,WI,550590019,42.5,-87.81,187,06/24/10,06/30/18
38540,550630012,Lacrosse - Dot Building (#3),US,WI,550630012,43.78,-91.23,667,07/14/10,06/30/18
2677,550790010,Milwaukee - Sixteenth St. Health Center (#3),US,WI,550790010,43.02,-87.93,200,01/01/17,06/30/18
2696,550790026,Milwaukee - Ser Dnr Hdqrs (#3),US,WI,550790026,43.06,-87.91,208,10/21/10,06/30/18
98372,550790056,Milwaukee - College Ave. Nr (#3),US,WI,550790056,42.93,-87.93,228,01/01/17,06/30/18
42037,550790058,Milwaukee - College Ave. Park & Ride (#3),US,WI,550790058,42.93,-87.93,747,01/01/17,06/30/18
3177,550870009,Appleton - Aal (#3),US,WI,550870009,44.31,-88.4,240,01/01/17,06/30/18
23579,550890009,Harrington Beach Park (#3),US,WI,550890009,43.5,-87.81,211,01/01/17,06/30/18
23580,551110007,Devils Lake Park (#7),US,WI,551110007,43.44,-89.68,392,12/01/11,06/30/18
23580,551110007,Devils Lake Park (#8),US,WI,551110007,43.44,-89.68,392,11/14/11,06/30/18
3016,551198001,Perkinstown (#3),US,WI,551198001,45.21,-90.6,522,02/28/12,06/30/18
3018,551250001,Trout Lake (#3),US,WI,551250001,46.05,-89.65,503,10/04/17,06/30/18
15686,551330027,Waukesha - Cleveland Ave (#3),US,WI,551330027,43.02,-88.22,261,01/01/17,06/29/18
101455,560010010,Laramie Mobile (#3),US,WY,560010010,41.3,-105.59,2185,04/10/17,04/04/18
100863,560030003,Lovell Mobile,US,WY,560030003,44.84,-108.39,1168,07/15/14,08/25/15
98186,560050800,Gillette Mobile,US,WY,560050800,44.27,-105.5,1382,10/26/11,12/09/12
25135,560050891,Black Thunder Btm 36-2 (#3),US,WY,560050891,43.65,-105.21,0,07/17/10,06/30/18
2886,560050892,Belle Ayr Ba-4 (#3),US,WY,560050892,44.1,-105.34,1366,07/01/10,06/30/18
2886,560050892,Belle Ayr Ba-4 (#4),US,WY,560050892,44.1,-105.34,1366,06/15/13,06/30/18
41983,560051899,Buckskin Mine North Site & Prb-Pm2.5 Network (#3),US,WY,560051899,44.5,-105.54,4315,07/01/10,06/30/18
98376,560071000,Sinclair-Mobile #2,US,WY,560071000,41.78,-107.12,2015,12/11/13,02/17/16
100747,560090009,Antelope Site 7 (#3),US,WY,560090009,43.43,-105.39,1492,02/18/15,06/17/18
98277,560090801,Converse County - Mobile #2,US,WY,560090801,42.77,-105.3,5091,12/17/12,07/07/15
8119,560090819,Antelope Site 3 (#3),US,WY,560090819,43.43,-105.39,0,05/26/10,06/30/13
41862,560130099,South Pass,US,WY,560130099,42.53,-108.72,2526,03/24/14,06/30/18
77329,560130232,Spring Creek,US,WY,560130232,43.08,-107.55,1372,07/01/13,06/30/18
77330,560130900,Pavillion,US,WY,560130900,43.26,-108.58,1634,01/31/11,03/31/12
100750,560150004,Fort Laramie National Historic Site,US,WY,560150004,42.2,-104.55,1290,05/15/14,09/27/16
100869,560150005,Torrington Mobile (#3),US,WY,560150005,42.06,-104.17,1217,12/28/15,12/19/16
100886,560210002,Cheyenne Mobile (#3),US,WY,560210002,41.13,-104.75,1830,03/29/16,04/04/17
77333,560210100,Cheyenne Ncore (#3),US,WY,560210100,41.18,-104.78,15,01/01/11,06/30/18
101037,560250005,Casper Mobile (#3),US,WY,560250005,42.85,-106.28,1589,12/01/16,01/25/18
101470,560330006,Sheridan Mobile (#3),US,WY,560330006,44.8,-106.96,1155,08/31/17,06/30/18
98196,560350097,Wyoming Range,US,WY,560350097,42.98,-110.35,2475,01/03/11,10/31/13
42043,560350101,Pinedale Gaseous,US,WY,560350101,42.87,-109.87,2191,01/16/09,06/29/18
98197,560350700,Big Piney Site #3,US,WY,560350700,42.49,-110.1,2076,04/01/11,12/02/13
98379,560370100,Rock Springs - Mobile #1,US,WY,560370100,41.58,-109.21,1950,03/02/13,03/27/14
100753,560391013,Yellowstone National Park - Old Faithful Snow L...,US,WY,560391013,44.37,-110.83,2230,06/16/16,08/30/18
100754,560450004,Newcastle Mobile (#3),US,WY,560450004,43.85,-104.2,1315,07/10/15,10/26/16
98203,720210010,Ave. Central Correccional (#3),US,PR,720210010,18.42,-66.15,70,05/18/17,06/30/18
60063,800020012,"At Uabc, Corner Of Calzada Benito Juarez & Aven...",,,800020012,32.63,-115.45,1,04/20/16,04/20/18
60063,800020012,"At Uabc, Corner Of Calzada Benito Juarez & Aven...",,,800020012,32.63,-115.45,1,04/20/16,04/20/18
60065,800020014,"Cobach, Calle Guadalajara Just South Of Avenida...",,,800020014,32.63,-115.5,0,04/20/16,04/20/18
