SiteID,SiteCode,SiteName,CT,ST,EPACode,Lat,Lon,Elev,Start,End
14780,010331002,Muscle Shoals (#2),US,AL,010331002,34.76,-87.64,122,04/01/02,03/31/03
26427,010710020,Tva Widows Crk 11 2.0 Mi Ese Widows Crk (#2),US,AL,010710020,34.88,-85.72,457,02/01/04,01/31/05
12150,010730023,North Birmingham,US,AL,010730023,33.55,-86.81,177,12/01/13,09/30/18
98298,010732059,Arkadelphia/Near Road,US,AL,010732059,33.52,-86.84,184,01/01/14,09/30/18
26519,010830004,9494 Experimental Loop,US,AL,010830004,34.69,-86.88,0,04/01/03,03/31/04
15832,010890014,Huntsville Old Airport,US,AL,010890014,34.69,-86.59,183,01/01/93,12/31/93
11568,011011002,"Moms, Adem",US,AL,011011002,32.41,-86.26,76,03/17/94,08/31/97
25688,011170004,Helena,US,AL,011170004,33.32,-86.83,134,06/01/93,10/31/01
97954,020900034,Ncore,US,AK,020900034,64.85,-147.73,132,07/01/14,06/30/18
26773,040070010,Tonto Nm (#2),US,AZ,040070010,33.65,-111.11,786,05/29/02,10/31/06
26797,040128000,Alamo Lake,US,AZ,040128000,34.24,-113.56,376,05/20/05,06/29/16
16164,040130019,West Phoenix,US,AZ,040130019,33.48,-112.14,333,07/01/94,09/30/18
23674,040133002,Central Phoenix (#6),US,AZ,040133002,33.46,-112.05,339,01/01/12,09/30/18
23680,040133010,Greenwood,US,AZ,040133010,33.46,-112.12,325,01/01/97,06/18/16
26825,040134005,Tempe,US,AZ,040134005,33.41,-111.93,352,08/01/00,10/31/03
26827,040134011,Buckeye,US,AZ,040134011,33.37,-112.62,258,08/01/04,09/30/18
98301,040134019,Diablo,US,AZ,040134019,33.4,-111.97,354,02/14/14,09/30/18
100805,040134020,Thirty-Third,US,AZ,040134020,33.46,-112.13,326,09/02/15,09/30/18
23688,040139993,Palo Verde,US,AZ,040139993,33.35,-112.83,265,04/01/99,10/31/04
26847,040139994,Salt River Pima - Maricopa Administration Complex,US,AZ,040139994,33.49,-111.86,0,03/29/99,10/23/99
15488,040139997,Jlg Supersite,US,AZ,040139997,33.5,-112.1,346,01/01/99,09/30/18
15488,040139997,Jlg Supersite (#2),US,AZ,040139997,33.5,-112.1,346,01/01/99,10/31/06
25700,040190002,Downtown,US,AZ,040190002,32.22,-110.97,756,01/01/93,02/03/94
25701,040190019,Pomona,US,AZ,040190019,32.29,-111,689,01/22/93,08/28/96
25702,040190021,Saguaro Park,US,AZ,040190021,32.17,-110.74,938,03/03/95,06/11/96
23700,040191011,22Nd & Craycroft,US,AZ,040191011,32.2,-110.88,789,01/01/12,09/30/18
15981,040191028,Children'S Park Ncore,US,AZ,040191028,32.3,-110.98,703,05/04/98,09/30/18
26906,040218001,Queen Valley (#2),US,AZ,040218001,33.29,-111.29,634,05/23/01,10/31/06
26915,040270006,Yuma Game & Fish,US,AZ,040270006,32.68,-114.48,60,04/01/05,04/12/07
25707,050350005,Marion,US,AR,050350005,35.2,-90.19,67,04/14/05,09/30/18
16137,051190007,Parr,US,AR,051190007,34.76,-92.28,80,01/01/02,09/30/18
25710,051191002,Nlr Airport,US,AR,051191002,34.84,-92.26,164,01/01/93,12/31/01
23419,051191005,Adeq,US,AR,051191005,34.68,-92.34,0,03/28/02,04/16/02
17655,060010007,Livermore,US,CA,060010007,37.69,-121.78,137,12/31/99,06/30/18
39436,060010009,Oakland,US,CA,060010009,37.74,-122.17,11,11/01/07,06/30/18
23421,060010010,Oakland-International Blvd.,US,CA,060010010,37.76,-122.19,10,11/01/01,04/30/03
42035,060010011,Oakland West,US,CA,060010011,37.81,-122.28,0,02/25/09,06/30/18
98302,060010012,Laney College,US,CA,060010012,37.79,-122.26,4,02/01/14,06/30/18
100905,060010013,Berkeley Aquatic Park,US,CA,060010013,37.86,-122.3,3,07/01/16,06/30/18
101345,060010015,Pleasanton - Owens Ct,US,CA,060010015,37.7,-121.9,101,04/01/18,06/30/18
17658,060011001,Fremont - Chapel Way,US,CA,060011001,37.54,-121.96,17,01/01/93,10/31/10
39439,060012004,Berkeley,US,CA,060012004,37.88,-122.3,6,12/08/07,12/31/10
97961,060012005,Patterson Pass,US,CA,060012005,37.69,-121.63,526,03/01/11,03/29/17
17662,060070002,Chico-Manzanita Ave.,US,CA,060070002,39.76,-121.84,62,01/01/93,05/22/12
97962,060070008,Chico-East Avenue,US,CA,060070008,39.76,-121.84,1,06/08/12,06/30/18
14932,060130002,Concord,US,CA,060130002,37.94,-122.03,26,01/01/93,06/30/18
23423,060130010,1098 Pomona Street,US,CA,060130010,38.03,-122.13,36,10/04/01,05/31/03
23743,060131002,Bethel Island,US,CA,060131002,38.01,-121.64,-2,01/01/12,06/30/18
23744,060131003,San Pablo - El Portal Center,US,CA,060131003,37.96,-122.34,15,05/10/97,08/18/02
23745,060131004,San Pablo,US,CA,060131004,37.96,-122.36,20,09/13/02,06/30/18
97963,060132007,San Ramon,US,CA,060132007,37.74,-121.93,119,01/01/12,06/30/18
15920,060170011,South Lake Tahoe-Sandy Way,US,CA,060170011,38.94,-119.97,1905,01/01/93,04/28/04
17674,060170012,Echo Summit,US,CA,060170012,38.81,-120.03,2250,01/01/00,10/31/04
23750,060190007,Fresno-Drummond,US,CA,060190007,36.71,-119.74,89,01/01/12,06/30/18
15593,060190008,"3425 N First St, Fresno",US,CA,060190008,36.78,-119.77,96,01/01/93,01/31/12
97964,060190011,Fresno - Garland,US,CA,060190011,36.79,-119.77,96,02/01/12,02/10/14
97964,060190011,Fresno - Garland (#3),US,CA,060190011,36.79,-119.77,96,02/10/14,06/30/18
25724,060190242,Fresno-Sky Park,US,CA,060190242,36.84,-119.87,65,01/01/93,06/30/18
23424,060190243,1005 W. Weldon Avenue,US,CA,060190243,36.77,-119.83,1,01/01/03,08/31/03
23425,060190244,Mobile,US,CA,060190244,36.8,-119.77,1,01/01/03,08/31/03
101027,060192016,Fresno-Foundry,US,CA,060192016,36.71,-119.78,87,01/25/16,06/30/18
25725,060194001,Parlier,US,CA,060194001,36.6,-119.5,78,01/25/94,06/30/18
12055,060195001,Clovis-Villa,US,CA,060195001,36.82,-119.72,86,01/01/93,06/30/18
39454,060231004,Jacobs,US,CA,060231004,40.78,-124.18,21,12/15/06,06/30/18
97966,060231005,Humboldt Hill,US,CA,060231005,40.72,-124.2,172,07/01/11,06/30/18
12096,060250005,Calexico-Ethel Street,US,CA,060250005,32.68,-115.48,1,06/01/94,06/30/18
23426,060250006,Port Of Entry Between Mexico And Usa. Scheduled...,US,CA,060250006,32.68,-115.39,0,05/01/96,05/31/10
12097,060251003,El Centro-9Th Street,US,CA,060251003,32.79,-115.56,0,10/01/01,06/30/18
25732,060290007,Edison,US,CA,060290007,35.35,-118.85,425,01/01/93,06/30/18
17090,060290010,Bakersfield-Golden/M St,US,CA,060290010,35.39,-119.02,151,07/06/94,01/05/10
17066,060290011,Mojave,US,CA,060290011,35.05,-118.15,853,08/01/93,05/20/05
17091,060290014,Bakersfield-California,US,CA,060290014,35.36,-119.06,0,05/01/94,06/30/18
98218,060292012,Bakersfield-Muni,US,CA,060292012,35.33,-119,145,07/01/12,06/30/18
25735,060295001,Arvin-Bear Mtn,US,CA,060295001,35.21,-118.79,145,01/01/93,10/31/10
25736,060296001,Shafter,US,CA,060296001,35.5,-119.27,126,01/04/93,06/30/18
23777,060311004,Hanford-Irwin,US,CA,060311004,36.32,-119.64,99,01/01/12,06/30/18
17876,060370002,Azusa (#2),US,CA,060370002,34.14,-117.92,183,01/01/93,06/30/18
23779,060370016,Glendora,US,CA,060370016,34.14,-117.85,275,01/01/12,06/30/18
23427,060370030,Sb25 Trailer At Hollenbeck School,US,CA,060370030,34.04,-118.22,65,03/01/01,05/31/02
23428,060370031,Wilmington-N. Mahar Ave,US,CA,060370031,33.79,-118.25,0,06/01/01,08/30/02
25739,060370113,West Los Angeles,US,CA,060370113,34.05,-118.46,91,01/01/93,03/13/18
25740,060370206,Site Is Located One Half Mile East Of The I-57/...,US,CA,060370206,33.96,-117.84,300,05/01/94,05/14/96
13270,060371002,Burbank (#2),US,CA,060371002,34.18,-118.32,168,01/01/93,06/30/14
13387,060371103,Los Angeles-North Main Street,US,CA,060371103,34.07,-118.23,87,01/01/93,06/30/18
13280,060371201,Reseda (#2),US,CA,060371201,34.2,-118.53,226,01/01/93,06/30/18
13281,060371301,Lynwood (#2),US,CA,060371301,33.93,-118.21,27,01/01/93,11/05/08
42080,060371302,Compton,US,CA,060371302,33.9,-118.21,27,11/05/08,06/30/18
13295,060371601,"3713 San Gabriel River Pkwy, Pico Rivera (#2)",US,CA,060371601,34.01,-118.06,75,01/01/93,04/26/05
27152,060371602,Pico Rivera #2,US,CA,060371602,34.01,-118.07,75,05/13/06,06/30/18
25741,060371701,Pomona (#2),US,CA,060371701,34.07,-117.75,270,01/01/93,06/30/18
16637,060372005,Pasadena,US,CA,060372005,34.13,-118.13,250,01/01/93,06/30/18
27162,060372401,"14427 Leffingwell Rd., Whittier (#2)",US,CA,060372401,33.92,-118.03,58,01/01/93,12/31/93
16973,060374002,Long Beach (North) (#2),US,CA,060374002,33.82,-118.19,6,01/01/93,09/30/13
97968,060374006,Long Beach (Hudson),US,CA,060374006,33.8,-118.22,10,01/01/10,06/30/18
100838,060374008,Long Beach-Route 710 Near Road,US,CA,060374008,33.86,-118.2,12,04/01/15,06/30/18
27169,060375005,Lax Hastings,US,CA,060375005,33.96,-118.43,21,04/12/04,06/30/18
23783,060376012,Santa Clarita,US,CA,060376012,34.38,-118.53,397,05/01/01,06/30/18
14563,060379002,Lancaster-Ponderosa St.,US,CA,060379002,34.69,-118.13,725,01/01/93,10/31/01
14560,060379033,Lancaster-Division Street,US,CA,060379033,34.67,-118.13,725,11/01/01,06/30/18
27180,060390004,Madera-Pump Yard,US,CA,060390004,36.87,-120.01,0,08/22/97,06/30/18
23785,060410001,San Rafael,US,CA,060410001,37.97,-122.52,3,01/01/12,06/30/18
25746,060430003,Yosemite Np - Turtleback Dome,US,CA,060430003,37.71,-119.71,1599,06/05/06,08/31/07
27184,060430033,Yosemite National Park - Merced River Site,US,CA,060430033,37.74,-119.59,1219,08/01/02,04/30/03
25749,060450008,Ukiah-Gobbi Street,US,CA,060450008,39.15,-123.2,194,03/01/93,12/31/09
25750,060450009,Willits-899 South Main Street,US,CA,060450009,39.4,-123.35,1377,07/01/93,05/31/08
25751,060470003,Merced-Coffee,US,CA,060470003,37.28,-120.43,86,01/01/93,06/30/18
13412,060531003,Salinas 3,US,CA,060531003,36.69,-121.62,22,01/01/00,09/30/18
23796,060550003,Napa,US,CA,060550003,38.31,-122.3,13,01/01/12,03/31/18
101336,060550004,Napa Valley College,US,CA,060550004,38.28,-122.28,10,04/01/18,06/30/18
17058,060570005,Grass Valley-Litton Building,US,CA,060570005,39.23,-121.06,853,01/22/08,07/31/11
13430,060590001,Anaheim (1010 Harbor Blvd) (#5),US,CA,060590001,33.82,-117.91,128,01/01/93,06/01/01
23799,060590007,Anaheim (#5),US,CA,060590007,33.83,-117.94,10,09/01/01,06/30/18
100839,060590008,Anaheim Near-Road,US,CA,060590008,33.82,-117.92,44,01/01/14,06/30/18
25757,060591003,Costa Mesa,US,CA,060591003,33.67,-117.93,0,01/01/93,06/30/17
25759,060595001,La Habra (#2),US,CA,060595001,33.93,-117.95,82,01/01/93,06/30/18
17076,060610006,Roseville-N Sunrise Ave,US,CA,060610006,38.75,-121.26,48,03/18/93,06/30/18
23431,060610007,2400 Lake Forest Road,US,CA,060610007,39.18,-120.12,1,01/01/04,03/31/04
42088,060650004,Mira Loma (Bellegrave),US,CA,060650004,34.01,-117.52,70,01/01/08,05/12/11
23809,060650006,"30250 Rancho California Rd, Temecula",US,CA,060650006,33.49,-117.15,341,04/01/93,08/08/93
42089,060650009,Pechanga,US,CA,060650009,33.45,-117.09,366,07/25/08,03/31/18
23810,060650012,Banning Airport,US,CA,060650012,33.92,-116.86,677,04/02/97,06/30/18
14596,060651003,Riverside (Magnolia) (#3),US,CA,060651003,33.95,-117.4,249,10/23/08,12/31/14
39485,060651016,Morongo Air Monitoring Station,US,CA,060651016,33.94,-116.83,720,01/01/15,05/31/18
14616,060655001,Palm Springs (#2),US,CA,060655001,33.85,-116.54,171,01/01/93,06/30/18
14604,060658001,Rubidoux (#2),US,CA,060658001,34,-117.42,250,01/01/93,06/30/18
27252,060658005,Mira Loma (Van Buren),US,CA,060658005,34,-117.49,250,01/01/08,06/30/18
23814,060659001,Lake Elsinore,US,CA,060659001,33.68,-117.33,1440,01/01/12,06/30/18
27257,060670001,"7400 Sunrise Blvd., Citrus Heights",US,CA,060670001,38.67,-121.25,52,01/01/93,03/18/93
23815,060670002,North Highlands-Blackfoot,US,CA,060670002,38.71,-121.38,8,01/01/12,01/10/17
14625,060670006,Sacramento-Del Paso Manor,US,CA,060670006,38.61,-121.37,8,02/09/93,06/30/18
14630,060670010,Sacramento-1309 T Street,US,CA,060670010,38.57,-121.49,0,01/01/93,05/15/13
14630,060670010,Sacramento-1309 T Street (#3),US,CA,060670010,38.57,-121.49,0,05/15/13,06/30/18
39329,060670011,Elk Grove-Bruceville,US,CA,060670011,38.3,-121.42,6,01/01/12,06/30/18
23434,060670012,Folsom-Natoma St.,US,CA,060670012,38.68,-121.16,98,07/01/96,06/30/18
23816,060670013,Located Approximately 1 Mile North Of I-5 And I...,US,CA,060670013,38.64,-121.51,5,06/01/98,07/31/08
42002,060670014,Sacramento-Goldenland Ct.,US,CA,060670014,38.65,-121.51,3,09/01/08,05/31/17
100852,060670015,Sacramento-Bercut Drive,US,CA,060670015,38.59,-121.5,13,10/13/15,06/30/18
25771,060671001,"City Corp Yard, 1300 Liedesdorff, Folsom (#2)",US,CA,060671001,38.67,-121.19,57,01/01/93,10/31/96
23820,060710001,Barstow,US,CA,060710001,34.9,-117.02,690,01/01/12,06/30/18
25778,060710012,Phelan-Beekley Road & Phelan Road,US,CA,060710012,34.43,-117.56,4100,04/01/93,12/31/98
17927,060710014,Victorville-Amargosa Road,US,CA,060710014,34.51,-117.33,876,01/01/93,12/31/99
100853,060710026,Ontario Near Road (Etiwanda),US,CA,060710026,34.07,-117.53,300,01/01/15,06/30/18
100854,060710027,Ontario-Route 60 Near Road,US,CA,060710027,34.03,-117.62,258,08/01/15,06/30/18
18208,060710306,Victorville-Park Avenue,US,CA,060710306,34.51,-117.33,913,01/01/00,06/30/18
23826,060711004,Upland (#2),US,CA,060711004,34.1,-117.63,369,01/07/12,06/30/18
27281,060711101,"6078 Adobe Rd., Twentynine Palms",US,CA,060711101,34.14,-116.06,650,01/01/93,08/01/93
23827,060711234,Trona - Athol/Telescope #2,US,CA,060711234,35.77,-117.37,545,04/01/97,06/30/18
17951,060712002,Fontana,US,CA,060712002,34.1,-117.49,381,01/01/93,06/30/18
14378,060719004,San Bernardino,US,CA,060719004,34.11,-117.27,0,01/01/93,06/30/18
14122,060730001,Chula Vista,US,CA,060730001,32.63,-117.06,55,01/01/93,03/31/18
18207,060730003,El Cajon,US,CA,060730003,32.79,-116.94,143,01/01/93,02/27/14
14124,060730006,Kearny Mesa,US,CA,060730006,32.84,-117.13,135,01/01/93,02/17/12
14114,060731002,Escondido,US,CA,060731002,33.13,-117.08,204,01/01/93,08/27/15
25787,060731006,Alpine,US,CA,060731006,32.84,-116.77,603,01/01/93,03/31/18
14131,060731007,San Diego-12Th Ave,US,CA,060731007,32.71,-117.15,6,01/01/93,07/12/05
27307,060731008,Camp Pendleton,US,CA,060731008,33.22,-117.4,15,04/04/97,03/08/18
23435,060731009,San Diego-Barrio Logan,US,CA,060731009,32.7,-117.13,0,10/21/99,02/28/01
27308,060731010,San Diego - Beardsley Street,US,CA,060731010,32.7,-117.15,3,07/14/05,10/24/16
42004,060731014,Donovan,US,CA,060731014,32.58,-116.92,185,09/03/14,03/31/18
60105,060731016,Kearny Villa Rd.,US,CA,060731016,32.85,-117.12,132,01/03/12,03/31/18
100855,060731017,San Diego -Rancho Carmel Drive,US,CA,060731017,32.99,-117.08,218,03/26/15,03/31/18
98782,060731018,El Cajon - Floyd Smith Dr.,US,CA,060731018,32.82,-116.97,119,07/01/14,08/18/16
100897,060731022,El Cajon - Lexington Elementary School,US,CA,060731022,32.79,-116.94,144,07/22/16,03/31/18
23832,060732007,Otay Mesa,US,CA,060732007,32.55,-116.94,155,01/01/12,09/04/14
14425,060750005,San Francisco,US,CA,060750005,37.77,-122.4,5,01/01/93,06/30/18
27321,060750006,San Francisco - Bayview Hunters Point,US,CA,060750006,37.73,-122.38,82,06/14/04,06/14/05
14097,060771002,Stockton-Hazelton (#2),US,CA,060771002,37.95,-121.27,19,01/01/93,06/30/18
25790,060773002,Flat Agricultural Terrain. Inside Pg&E Gas Pipe...,US,CA,060773002,37.74,-121.53,31,08/18/94,06/03/95
27333,060773003,Tracy-Holden Farm,US,CA,060773003,37.74,-121.54,30,06/19/95,08/24/04
27334,060773005,Tracy-Airport,US,CA,060773005,37.68,-121.44,30,01/01/06,06/30/18
27340,060791004,"7020 Lewis, San Luis Obispo",US,CA,060791004,35.21,-120.62,80,02/01/93,07/31/95
25792,060792001,Grover Beach,US,CA,060792001,35.12,-120.63,5,01/01/93,08/31/05
15029,060792002,San Luis Obispo-Marsh St.,US,CA,060792002,35.28,-120.66,66,01/01/93,09/20/05
27343,060792006,San Luis Obispo,US,CA,060792006,35.26,-120.67,66,09/21/05,10/31/06
23837,060793001,Morro Bay,US,CA,060793001,35.37,-120.84,55,01/03/12,03/31/16
23839,060794002,Nipomo Regional Park (Nrp),US,CA,060794002,35.03,-120.5,136,11/01/98,06/30/18
15025,060798001,Atascadero (Original Site),US,CA,060798001,35.49,-120.67,277,01/01/93,02/23/15
100857,060798002,Atascadero,US,CA,060798002,35.49,-120.67,260,02/26/15,08/31/18
15039,060811001,Redwood City,US,CA,060811001,37.48,-122.2,3,01/01/94,06/30/18
15039,060811001,Redwood City (#2),US,CA,060811001,37.48,-122.2,3,01/02/93,09/30/93
23840,060830008,El Capitan,US,CA,060830008,34.46,-120.03,42,01/01/12,07/31/18
15051,060830010,Santa Barbara-W. Carrillo St.,US,CA,060830010,34.42,-119.7,71,01/01/93,10/24/00
23436,060830011,Santa Barbara,US,CA,060830011,34.43,-119.69,20,06/01/03,06/19/17
14711,060831007,Santa Maria-500 S. Broadway,US,CA,060831007,34.95,-120.44,0,01/09/95,02/29/00
23841,060831008,Santa Maria,US,CA,060831008,34.94,-120.44,76,03/01/00,06/30/18
25796,060831010,"Battles-Betteravia Rd, Santa Maria",US,CA,060831010,34.92,-120.4,79,01/01/93,11/30/95
25799,060831013,Lompoc Hsp,US,CA,060831013,34.73,-120.43,220,01/01/93,06/30/18
25800,060831014,Paradise Road,US,CA,060831014,34.54,-119.79,371,01/01/93,06/30/18
25804,060831018,Nojoqui,US,CA,060831018,34.53,-120.2,303,01/01/93,07/31/18
25807,060831021,Carpinteria,US,CA,060831021,34.4,-119.46,137,01/01/93,06/30/18
23849,060831025,Los Flores Canyon #1,US,CA,060831025,34.49,-120.05,184,01/01/12,07/31/18
23850,060831026,"Lfc #2-Las Flores Canyon, Capitan",US,CA,060831026,34.48,-120.03,257,07/01/93,01/31/99
27361,060831027,"Lfc #3-Las Flores Canyon, Capitan",US,CA,060831027,34.47,-120.04,146,01/01/93,01/31/99
27365,060832002,"380 N Fairview, Goleta",US,CA,060832002,34.45,-119.8,50,01/01/93,11/22/93
23851,060832004,Lompoc H Street,US,CA,060832004,34.64,-120.46,41,01/01/12,07/31/18
25810,060832011,Goleta,US,CA,060832011,34.45,-119.83,14,01/01/94,07/31/18
23853,060834003,Vafb South Base,US,CA,060834003,34.6,-120.63,104,01/01/12,07/31/18
25813,060834004,Pt. Arguello,US,CA,060834004,34.58,-120.64,52,01/01/93,11/30/95
17046,060850004,San Jose - 4Th St.,US,CA,060850004,37.34,-121.89,25,01/01/93,04/30/02
23171,060850005,San Jose - Jackson,US,CA,060850005,37.35,-121.89,31,11/01/02,06/30/18
100865,060850006,San Jose - Knox Avenue,US,CA,060850006,37.34,-121.85,31,09/01/14,06/30/18
77347,060852009,Cupertino Monta Vista,US,CA,060852009,37.32,-122.07,124,09/01/10,12/31/13
16906,060950004,Vallejo,US,CA,060950004,38.1,-122.24,6,01/01/94,06/30/18
16906,060950004,Vallejo (#2),US,CA,060950004,38.1,-122.24,6,01/01/93,09/30/93
39519,060950006,Benicia - Vip,US,CA,060950006,38.07,-122.15,109,04/01/07,12/31/08
16916,060970003,Santa Rosa - 5Th St,US,CA,060970003,38.44,-122.71,51,01/01/93,12/17/13
98306,060970004,Sebastopol,US,CA,060970004,38.4,-122.82,78,01/09/14,06/30/18
16934,060990005,Modesto-14Th Street,US,CA,060990005,37.64,-120.99,27,01/01/93,12/31/05
23872,060990006,Turlock,US,CA,060990006,37.49,-120.84,56,01/01/12,06/30/18
27421,060990010,Modesto-14Th St.,US,CA,060990010,37.64,-120.99,8,01/08/98,05/29/98
25833,060991005,Located In The Nas Fire Station.,US,CA,060991005,37.42,-121,40,09/28/95,06/30/96
13255,061010003,Yuba City,US,CA,061010003,39.14,-121.62,20,01/01/93,06/30/18
14652,061072002,Visalia-Church,US,CA,061072002,36.33,-119.29,97,01/01/93,06/30/18
25843,061110005,"5500 Casitas Pass Rd, Near Oak View",US,CA,061110005,34.39,-119.42,320,01/01/93,10/31/02
14681,061110007,Thousand Oaks,US,CA,061110007,34.21,-118.87,244,01/01/93,07/22/04
23877,061111004,Ojai - East Ojai Ave,US,CA,061111004,34.45,-119.23,262,04/04/96,07/28/04
14687,061112002,Simi Valley-Cochran Street,US,CA,061112002,34.28,-118.68,314,01/01/93,09/30/18
25845,061112003,"Emma Wood State Beach, Ventura",US,CA,061112003,34.28,-119.31,3,01/01/93,07/31/04
14673,061113001,El Rio-Rio Mesa School #2,US,CA,061113001,34.25,-119.14,43,01/01/93,09/30/18
39330,061130004,Davis-Ucd Campus,US,CA,061130004,38.53,-121.77,0,01/01/12,06/30/18
23883,080013001,Welby,US,CO,080013001,39.84,-104.95,1554,01/01/12,09/30/18
25849,080017015,North East Of Basin F Colocated With Met 4,US,CO,080017015,39.84,-104.84,1605,01/01/93,09/30/94
25851,080050003,3300 S. Huron St.,US,CO,080050003,39.66,-105,1654,01/01/93,03/13/96
101411,080077004,"398 Co- 151 Pagosa Springs, Co",US,CO,080077004,37.21,-107.25,1920,06/01/17,09/30/18
101326,080290007,"Paonia, Colorado",US,CO,080290007,38.88,-107.6,3027,04/06/18,06/30/18
14168,080310002,Denver - Camp,US,CO,080310002,39.75,-104.99,1593,01/01/93,09/30/18
98226,080310026,La Casa,US,CO,080310026,39.78,-105.01,1602,07/11/14,08/23/18
98307,080310027,I-25,US,CO,080310027,39.73,-105.02,1583,06/01/13,09/30/18
100746,080310028,Globeville,US,CO,080310028,39.79,-104.99,1587,10/01/15,09/30/18
100746,080310028,Globeville (#2),US,CO,080310028,39.79,-104.99,1587,10/01/15,12/31/16
23896,080416001,Site Is In A Field West Of The Nixon Power Plant,US,CO,080416001,38.63,-104.72,1673,01/01/93,09/30/01
23897,080416004,Open Field Near Residential Area At 6000 Pulpit...,US,CO,080416004,38.92,-104.81,1931,01/01/93,09/30/01
23898,080416005,West Of Highway 85/87 On The Pinello Ranch Prop...,US,CO,080416005,38.76,-104.76,1747,01/01/93,07/18/96
23899,080416006,Site Is Located At The Chipita Park Electrical ...,US,CO,080416006,38.92,-105,2313,01/01/93,07/18/96
23900,080416009,Site Is Located Just North Of The Nixon Power P...,US,CO,080416009,38.64,-104.71,1707,01/01/93,07/18/96
23901,080416011,Eastern Bank Of Monument Creek Drainage On Colo...,US,CO,080416011,38.85,-104.83,1832,01/01/93,09/30/01
23902,080416013,Site Is Located In A Field Just Sw Of Interstat...,US,CO,080416013,38.81,-104.82,1823,01/01/93,06/30/96
23905,080416018,"Intersection Of Fountain And Academy, Southeast...",US,CO,080416018,38.81,-104.75,1795,01/01/97,09/30/01
100758,080450019,Battlement Mesa,US,CO,080450019,39.44,-108.03,1690,10/24/12,06/30/18
100759,080450020,"Vogelaar Park, Glenwood Springs",US,CO,080450020,39.55,-107.33,1756,02/11/15,03/09/16
97993,080570003,"Walden - Colorado, Chandler Ranch",US,CO,080570003,40.88,-106.31,2417,10/11/11,12/24/15
23915,080590008,Rocky Flats - Se,US,CO,080590008,39.88,-105.17,1718,01/01/93,07/03/01
23916,080590009,"On S. Edge Of Unused Parking Lot, S. Of Hwy. 72...",US,CO,080590009,39.86,-105.2,1848,06/22/95,01/22/99
23917,080590010,Rocky Flats -W,US,CO,080590010,39.9,-105.24,1877,07/28/95,07/03/01
42097,080671004,Weminuche Wilderness Area - Shamrock Station,US,CO,080671004,37.3,-107.48,2367,01/01/08,08/31/18
23924,080677001,"Located In Pine River Valley, The Most Densely ...",US,CO,080677001,37.14,-107.63,1983,01/01/12,09/30/18
25863,080677002,Plateau Above Laplata River Long Rolling Platea...,US,CO,080677002,37.1,-108.18,1980,01/01/93,09/30/95
23925,080677003,Site Is Located On The Eastern Rim Of The Anima...,US,CO,080677003,37.1,-107.87,1920,07/01/97,09/30/18
100762,080930002,"Fairplay, Colorado",US,CO,080930002,39.24,-105.98,3027,04/08/15,02/27/18
60004,081030005,"Meeker, Colorado Plant Science Building",US,CO,081030005,40.04,-107.85,1994,01/08/10,08/31/18
77286,081030006,"Rangely, Golf Course",US,CO,081030006,40.09,-108.76,1655,08/07/10,08/31/18
13931,090010113,Shed Congress Street,US,CT,090010113,41.18,-73.19,3,01/01/93,12/31/97
14472,090019003,Sherwood Island Connector (See Coordinates),US,CT,090019003,41.12,-73.34,4,04/02/96,06/30/18
98228,090030025,Huntley Place-Hartford,US,CT,090030025,41.77,-72.68,8,04/01/13,06/30/18
13319,090031003,Mcauliffe Park,US,CT,090031003,41.78,-72.63,15,01/01/93,06/30/18
27818,090050004,Thomaston Wpcf,US,CT,090050004,41.64,-73.08,102,10/01/06,09/09/10
13336,090050005,Mohawk Mt-Cornwall,US,CT,090050005,41.82,-73.3,505,09/01/10,01/31/16
25616,090090027,Criscuolo Park-New Haven,US,CT,090090027,41.3,-72.9,4,02/05/04,06/30/18
13487,090091123,State St-New Haven,US,CT,090091123,41.31,-72.92,18,01/01/93,02/10/04
13326,090099005,????,US,CT,090099005,41.34,-72.92,0,04/08/99,10/21/03
25874,090131001,"Route 190, Shenipsit State Forest",US,CT,090131001,41.98,-72.39,265,10/04/94,09/30/01
13474,100031003,Bellefonte River Road Park,US,DE,100031003,39.76,-75.49,65,01/01/93,04/30/00
13137,100031007,Lums Pond,US,DE,100031007,39.55,-75.73,20,04/01/93,06/30/99
25876,100031010,Bcsp,US,DE,100031010,39.82,-75.56,0,08/01/13,09/24/14
13187,100032004,Mlk  Corner Of Mlk Blvd And Justison St,US,DE,100032004,39.74,-75.56,0,01/01/01,10/31/18
27920,100051003,"Lewes Spm Site, Near Ud Acid Rain/Mercury Colle...",US,DE,100051003,38.78,-75.16,0,08/01/12,08/31/14
25878,110010025,Takoma School,US,DC,110010025,38.58,-77.12,91,01/01/93,12/31/10
14218,110010041,River Terrace,US,DC,110010041,38.9,-76.96,8,06/01/93,06/30/18
14224,110010043,Mcmillan  Ncore-Pams,US,DC,110010043,38.92,-77.01,50,06/22/94,06/30/18
98230,110010050,Takoma Rec Center,US,DC,110010050,38.97,-77.02,15,01/01/13,06/30/18
100773,110010051,Near Road,US,DC,110010051,38.89,-76.95,25,06/01/15,06/30/18
25881,120110003,12300 Nw 41 Street Coral Springs,US,FL,120110003,26.28,-80.28,3,01/01/93,02/04/98
28011,120110031,Sawgrass Springs Middle School,US,FL,120110031,26.27,-80.29,3,02/01/98,06/29/12
100908,120110035,Near Road - Fort Lauderdale,US,FL,120110035,26.13,-80.17,3,08/21/15,09/30/18
25883,120118002,Dr. Von Mizell-Eula Johnson State Park (Prev. J...,US,FL,120118002,26.09,-80.11,3,01/01/93,09/30/18
28056,120310032,Kooker Park (#2),US,FL,120310032,30.36,-81.64,7,01/01/93,09/30/18
100780,120310108,Pepsi Place,US,FL,120310108,30.26,-81.61,6,04/01/14,09/30/18
13646,120330004,Ellyson Industrial Park,US,FL,120330004,30.53,-87.2,32,04/14/99,02/28/10
25886,120570081,Simmons Park,US,FL,120570081,27.74,-82.47,4,02/01/96,12/31/09
100904,120570113,Munro Street (Near-Road),US,FL,120570113,27.96,-82.47,6,02/01/16,08/08/18
25888,120571065,Usmc Reserve Center (Gandy),US,FL,120571065,27.89,-82.54,3,01/01/93,06/28/17
100788,120571111,Julian B. Lane Park,US,FL,120571111,27.96,-82.47,20,04/01/14,12/16/15
25619,120573002,Sydney,US,FL,120573002,27.97,-82.23,20,01/01/04,09/30/08
14173,120814012,G.T. Bray Park,US,FL,120814012,27.48,-82.62,8,01/01/99,03/31/08
25894,120860027,Rosenstiel,US,FL,120860027,25.73,-80.16,2,01/01/93,09/30/18
101043,120860035,Perimeter Road,US,FL,120860035,25.79,-80.28,2,01/11/17,09/30/18
28420,120864002,Lab Annex (#2),US,FL,120864002,25.8,-80.21,5,01/01/93,09/30/18
100977,120950009,I-4 Near Road,US,FL,120950009,28.53,-81.38,3,07/01/16,06/28/17
1144,120952002,Winter Park,US,FL,120952002,28.6,-81.36,27,01/01/93,09/30/18
28462,120990020,Ag Holley,US,FL,120990020,26.59,-80.06,5,10/20/08,08/13/14
100793,120990021,Lantana Preserve,US,FL,120990021,26.59,-80.06,9,04/07/15,06/30/18
23443,120991004,3700 Belevedere Road,US,FL,120991004,26.69,-80.1,0,01/01/93,05/01/08
13687,121030018,Azalea Park,US,FL,121030018,27.79,-82.74,5,01/01/93,09/30/18
101044,121030027,Sawgrass Lake Park (Near-Road),US,FL,121030027,27.83,-82.67,15,05/20/16,09/30/18
1790,121111002,Ft. Pierce,US,FL,121111002,27.45,-80.41,3,01/01/99,03/22/05
24046,121151006,Paw Park,US,FL,121151006,27.35,-82.48,11,05/01/00,09/30/18
6882,130890002,South Dekalb,US,GA,130890002,33.69,-84.29,308,01/01/93,08/31/18
28705,130890003,Nr-285,US,GA,130890003,33.7,-84.27,238,01/01/15,07/31/18
28708,130893001,Tucker-Idlewood Road,US,GA,130893001,33.85,-84.21,0,04/05/95,12/31/06
24057,131210048,"Georgia Tech, Ford Environmental Science And Te...",US,GA,131210048,33.78,-84.4,290,01/01/93,04/30/09
100818,131210056,Nr-Ga Tech,US,GA,131210056,33.78,-84.39,286,06/15/14,07/31/18
7285,132230003,"Yorkville, King Farm",US,GA,132230003,33.93,-85.05,417,01/25/96,12/31/15
25915,132470001,Conyers,US,GA,132470001,33.59,-84.07,219,04/01/94,12/31/15
13519,150030010,Kapolei,US,HI,150030010,21.32,-158.09,18,01/01/93,08/31/18
24060,150030011,West Beach,US,HI,150030011,21.33,-158.11,9,01/01/93,03/31/11
98015,150070007,Niumalu,US,HI,150070007,21.95,-159.37,11,04/01/11,08/31/18
39346,160010010,St. Luke'S Meridian,US,ID,160010010,43.6,-116.35,826,07/01/07,02/01/11
28870,160010016,168 Feet From Boise Fire Station #5.,US,ID,160010016,43.62,-116.21,0,07/24/96,01/31/01
28871,160010019,"3311 W. State Street, Boise",US,ID,160010019,43.63,-116.23,771,07/01/07,09/30/11
98016,160010023,1311 East Central Drive,US,ID,160010023,43.59,-116.38,800,04/01/12,09/25/15
98016,160010023,1311 East Central Drive (#2),US,ID,160010023,43.59,-116.38,800,04/01/12,04/07/17
7391,160050015,G&G/Corner Of Garret & Gould,US,ID,160050015,42.88,-112.46,0,10/31/94,03/31/99
24080,160210003,Adjacent To Substation Division Street,US,ID,160210003,48.72,-116.2,660,11/01/02,12/31/03
23456,160390002,Adjacent To 472 South Canyon Creek Road,US,ID,160390002,43.15,-115.71,970,03/01/02,02/29/04
28929,160550003,Kootenai Water District Building On West Lancas...,US,ID,160550003,47.79,-116.8,712,01/01/05,09/30/11
7208,160770011,Primary Particulate And Meteorological Monitori...,US,ID,160770011,42.91,-112.54,1356,01/01/04,03/31/05
25922,170310037,Edgewater 5358 N Ashland Ave,US,IL,170310037,41.98,-87.67,183,01/01/93,07/31/96
25923,170310039,Northwestern Univ Huron And Farrbanks Ct,US,IL,170310039,41.89,-87.62,180,01/01/93,08/31/94
25925,170310063,Cta Building,US,IL,170310063,41.88,-87.64,181,01/01/93,12/31/17
25926,170310064,University Of Chicago,US,IL,170310064,41.79,-87.6,180,01/01/93,12/31/00
29056,170310071,"901 W. Roosevelt Rd, U Of Il - Chicago",US,IL,170310071,41.87,-87.65,180,02/01/93,12/30/94
29057,170310072,Jardine Water Plant,US,IL,170310072,41.9,-87.61,181,05/05/95,09/30/11
29060,170310075,Probe Located 39 M From S Edge And 2 M From E E...,US,IL,170310075,41.96,-87.66,180,01/01/98,12/21/01
7018,170310076,Com Ed Maintenance Bldg,US,IL,170310076,41.75,-87.71,186,01/01/02,09/30/18
29095,170313101,4243 N. Mannheim,US,IL,170313101,41.97,-87.88,197,01/01/93,12/31/97
25623,170313103,Iepa Trailer,US,IL,170313103,41.97,-87.88,195,01/01/98,09/30/18
25929,170314002,Cook County Trailer,US,IL,170314002,41.86,-87.75,184,01/01/93,09/30/18
6676,170314201,Northbrook Water Plant,US,IL,170314201,42.14,-87.8,198,05/15/97,03/31/16
6676,170314201,Northbrook Water Plant (#2),US,IL,170314201,42.14,-87.8,198,06/06/00,08/09/09
25931,170318003,Cook County Trailer,US,IL,170318003,41.63,-87.57,179,01/01/93,12/31/02
6818,170971007,Camp Logan Trailer,US,IL,170971007,42.47,-87.81,178,06/03/94,08/31/02
7165,171170002,Iepa Trailer,US,IL,171170002,39.4,-89.81,201,02/01/18,09/30/18
6220,171630010,Iepa-Raps Trailer (#2),US,IL,171630010,38.61,-90.16,125,01/01/93,09/30/18
77261,171630900,"Prairie State Generating Company, Llc",US,IL,171630900,38.53,-90.04,167,01/01/12,03/31/15
6330,171971011,Com Ed Training Center,US,IL,171971011,41.22,-88.19,181,04/06/95,09/30/07
29362,180030006,Huntington & Kress Rds.  Ft.Wayne In,US,IN,180030006,40.98,-85.29,253,01/01/93,12/31/93
98314,180050007,Hope- Hauser Jr-Sr High School,US,IN,180050007,39.29,-85.77,199,06/05/13,12/31/16
24132,180330002,Steel Dynamics,US,IN,180330002,41.36,-84.93,0,10/07/95,06/30/97
29430,180510010,Toyota Site,US,IN,180510010,38.28,-87.55,0,04/01/99,12/31/04
24134,180630001,Plant Site --- Qualitech,US,IN,180630001,39.88,-86.47,0,05/16/98,06/30/07
24135,180630002,Pittsboro Elementary School,US,IN,180630002,39.86,-86.47,0,05/17/98,03/31/09
24136,180630003,Triwest High School --- Qualitech_Downwind Site,US,IN,180630003,39.88,-86.54,0,05/30/98,06/30/07
5898,180890022,Gary-Iitri/ 1219.5 Meters East Of Tennessee St....,US,IN,180890022,41.61,-87.3,183,07/01/95,09/30/18
6361,180891016,Federal Bldg 6Th Ave & Conn (#2),US,IN,180891016,41.6,-87.33,183,01/01/93,05/15/97
24154,180970073,Indpls.- E. 16Th St.,US,IN,180970073,39.79,-86.06,251,01/01/12,12/31/14
6017,180970078,Indpls- Washington Park/  In Parking Lot Next T...,US,IN,180970078,39.81,-86.11,230,01/08/13,05/31/18
6017,180970078,Indpls- Washington Park/  In Parking Lot Next T...,US,IN,180970078,39.81,-86.11,230,06/01/18,09/30/18
98316,180970087,Indpls.- I 70,US,IN,180970087,39.79,-86.13,195,02/07/14,09/30/18
29612,181090004,"1002 Maple Turn Road, Martinsville",US,IN,181090004,39.48,-86.41,242,01/01/93,02/23/93
24164,181410012,I/N Tek - 30755 Edison Road,US,IN,181410012,41.7,-86.46,224,07/01/93,12/31/98
29674,181410015,South Bend-Shields Dr.,US,IN,181410015,41.7,-86.21,181,06/01/06,09/30/18
5370,181411008,South Bend Caap,US,IN,181411008,41.69,-86.24,224,06/01/93,05/31/06
29686,181470002,Hwy 245,US,IN,181470002,37.98,-86.97,122,01/01/93,06/30/95
24167,181470006,Eureka Road,US,IN,181470006,37.88,-87.08,123,01/01/93,06/30/95
24168,181470008,Ak Steel_Spencer County,US,IN,181470008,37.98,-87.03,0,07/17/98,09/30/01
29702,181570005,A. E. Staley - Lafayette South Plant,US,IN,181570005,40.38,-86.85,197,01/01/93,09/30/93
24169,181570006,A.E. Staley Manufacturing Co  Sagamore Plant,US,IN,181570006,40.45,-86.86,0,04/07/95,04/06/96
5834,181630012,Evansville Caap,US,IN,181630012,38.02,-87.57,122,06/01/93,06/30/09
42066,181630021,Evansville- Buena Vista,US,IN,181630021,38.01,-87.58,116,07/08/09,08/31/18
29771,181770010,Williamsburg Substation,US,IN,181770010,39.85,-84.91,303,01/01/93,10/31/93
77285,181830003,Larwill- Whitko Middle School,US,IN,181830003,41.17,-85.63,261,08/02/13,12/31/16
29844,191130033,Coggon Elementary School Bldg. Northern Limits ...,US,IA,191130033,42.28,-91.53,282,07/01/00,10/31/04
4916,191530030,Carpenter,US,IA,191530030,41.6,-93.64,0,12/01/06,10/31/18
25969,191530058,"Phillips School , 1701 Lay St",US,IA,191530058,41.61,-93.57,250,04/18/01,10/31/06
98238,191536011,Rollins Near Road No2,US,IA,191536011,41.59,-93.7,0,01/01/13,12/31/16
29913,191630014,Scott County Park,US,IA,191630014,41.7,-90.52,229,07/01/00,11/10/05
5054,191630015,"Davenport, Jefferson Sch.",US,IA,191630015,41.53,-90.59,213,01/01/06,10/31/18
25626,191770006,Lake Sugema State Park Ii,US,IA,191770006,40.7,-92.01,207,01/01/12,10/31/18
4572,201070002,Mine Creek,US,KS,201070002,38.14,-94.73,259,05/22/98,10/24/13
98318,201330003,Chanute,US,KS,201330003,37.68,-95.48,308,03/05/14,06/30/18
4954,201730010,Wichita Hd (#3),US,KS,201730010,37.7,-97.31,396,05/31/02,06/30/18
5363,201910002,Peck,US,KS,201910002,37.48,-97.37,383,06/01/00,06/30/18
23478,201950001,Cedar Bluff,US,KS,201950001,38.77,-99.76,670,05/28/14,06/30/18
25974,202090001,"Kc-Wyan Co Health Dept ,619 Ann Ave",US,KS,202090001,39.11,-94.62,256,06/04/98,04/07/99
24209,202090020,Kindelberger,US,KS,202090020,39.15,-94.62,228,04/01/95,05/29/98
5012,202090021,Jfk,US,KS,202090021,39.12,-94.64,259,04/08/99,06/17/18
30066,210190010,"Clay School, Ashland, Ky.",US,KY,210190010,38.44,-82.61,174,01/01/93,04/07/93
4394,210190017,Ashland Primary (Fivco),US,KY,210190017,38.46,-82.64,200,08/17/01,04/30/18
4402,210290006,Shepherdsville,US,KY,210290006,37.99,-85.71,135,01/01/93,03/14/07
5470,210370003,Site Located At Northern Ky Water Service Plant...,US,KY,210370003,39.07,-84.45,238,01/01/00,03/14/06
25977,210371001,"9Th & Maple, Dayton, Ky",US,KY,210371001,39.11,-84.48,168,01/01/93,12/17/99
40375,210373002,Northern Kentucky University (Nku),US,KY,210373002,39.02,-84.47,251,07/12/07,04/30/18
5126,210470006,Hopkinsville,US,KY,210470006,36.91,-87.32,215,01/17/93,01/03/94
25658,210590005,Owensboro Primary,US,KY,210590005,37.78,-87.08,127,01/01/93,04/30/18
5167,210670012,Lexington Primary,US,KY,210670012,38.07,-84.5,302,01/01/93,04/30/18
4997,211110051,Watson Lane,US,KY,211110051,38.06,-85.9,112,01/27/93,06/30/02
41902,211110067,Cannons Lane,US,KY,211110067,38.23,-85.65,127,01/01/10,06/30/18
98319,211110075,Durrett Lane (Near Road),US,KY,211110075,38.19,-85.71,127,05/17/14,06/30/18
30220,211111020,Floyd Street And Jefferson Street (#2),US,KY,211111020,38.25,-85.75,139,01/01/93,05/31/93
25986,211111021,"1918 Mellwood Avenue, Wlky-Tv (#2)",US,KY,211111021,38.26,-85.71,162,07/13/93,12/31/09
4715,211170007,Chase (Covington),US,KY,211170007,39.07,-84.53,225,03/16/06,07/08/07
4715,211170007,Chase (Covington) (#2),US,KY,211170007,39.07,-84.53,225,01/01/93,06/30/03
24231,211451024,Jackson Purchase (Paducah Primary),US,KY,211451024,37.06,-88.57,108,01/01/12,04/30/18
30328,211771004,"Tva Psd Site In Muhlenberg County, Greenville, Ky",US,KY,211771004,37.23,-87.16,129,05/01/01,04/30/02
25997,212130004,Franklin,US,KY,212130004,36.71,-86.57,221,01/01/93,12/21/99
30371,212218001,"Old Dover Highway Cadiz,Ky (#2)",US,KY,212218001,36.78,-87.85,0,03/01/07,02/29/08
24240,212270008,Oakland,US,KY,212270008,37.04,-86.25,175,01/01/00,01/31/07
25998,220050004,Dutchtown,US,LA,220050004,30.23,-90.97,4,01/01/05,09/30/18
25999,220110002,Highway 171 (5 Mi South Of Hwy 190),US,LA,220110002,30.49,-93.14,25,01/01/93,01/07/00
4556,220150008,Shreveport / Airport,US,LA,220150008,32.54,-93.75,53,01/01/93,12/31/93
26002,220190007,Spm Station For Background Study,US,LA,220190007,30.27,-93.08,0,01/01/93,12/31/97
23480,220190008,Westlake,US,LA,220190008,30.26,-93.29,0,01/13/05,09/30/18
4567,220190009,Vinton,US,LA,220190009,30.23,-93.58,0,01/01/93,12/31/04
26003,220330003,Lsu,US,LA,220330003,30.42,-91.18,6,01/01/93,12/31/14
26004,220330008,"Pridee Port Hudson Road, Pride",US,LA,220330008,30.7,-91.1,0,01/01/93,05/26/95
4989,220330009,Capitol,US,LA,220330009,30.46,-91.18,14,01/01/93,09/30/18
23481,220330013,Pride,US,LA,220330013,30.7,-91.06,35,06/01/95,09/30/18
4346,220331001,Baker,US,LA,220331001,30.59,-91.25,23,01/01/93,11/10/10
26005,220470002,Highway 75,US,LA,220470002,30.2,-91.1,9,01/01/93,12/31/99
26006,220470007,Grosse Tete,US,LA,220470007,30.4,-91.43,6,01/01/93,11/10/10
3821,220470009,Bayou Plaquemine,US,LA,220470009,30.22,-91.32,5,07/01/93,09/30/18
30430,220470012,Carville,US,LA,220470012,30.2,-91.13,9,01/01/00,12/31/14
4292,220511001,Kenner,US,LA,220511001,30.04,-90.27,3,01/01/93,09/30/18
23483,220630002,French Settlement,US,LA,220630002,30.32,-90.81,0,01/01/93,09/30/18
3982,220710012,New Orleans / City Park,US,LA,220710012,29.99,-90.1,3,01/01/93,08/28/05
98795,220710021,I-610,US,LA,220710021,30,-90.12,0,03/19/14,09/30/18
26009,220770001,New Roads,US,LA,220770001,30.68,-91.37,10,01/01/93,01/04/00
26012,220930002,Convent,US,LA,220930002,29.99,-90.82,20,01/01/93,01/05/00
26014,221010003,1300 Lakewood Dr. St. Mary Par. Sheriff,US,LA,221010003,29.72,-91.21,31,01/01/93,01/04/95
4367,221210001,Port Allen,US,LA,221210001,30.5,-91.21,7,01/01/93,09/30/18
30545,230031100,Micmac Health Department,US,ME,230031100,46.7,-68.03,540,01/01/06,06/30/17
24258,230050014,Shelter Site-Oxford & Elm St (#2),US,ME,230050014,43.66,-70.26,18,01/01/93,03/31/93
3849,230050027,Shelter In Parking Lot Of Intersection Of Margi...,US,ME,230050027,43.66,-70.26,2,06/01/01,12/31/06
40487,230050029,Pdo - Portland Deering Oaks,US,ME,230050029,43.66,-70.27,3,02/05/08,10/31/18
4238,230052003,Cetl - Cape Elizabeth Two Lights (State Park) (#2),US,ME,230052003,43.56,-70.21,24,06/09/93,10/31/95
30614,230090102,Top Of Cadillac Mtn (Fenced Enclosure),US,ME,230090102,44.35,-68.23,466,04/30/96,09/30/07
26016,230112005,"Gardiner, Pray Street School  (Gpss)",US,ME,230112005,44.23,-69.78,55,03/07/12,10/31/18
30789,230313002,___________No Information At This Time,US,ME,230313002,43.08,-70.75,40,06/01/95,09/30/05
7242,240030019,Ft Meade Lat/Long Point Is Of The Sampling Inle...,US,MD,240030019,39.1,-76.73,46,05/18/95,05/31/03
101006,240050009,4380 Old Court Rd,US,MD,240050009,39.37,-76.75,10,01/01/16,06/30/18
7639,240053001,Essex (#2),US,MD,240053001,39.31,-76.47,5,01/01/93,12/31/17
7639,240053001,Essex (#4),US,MD,240053001,39.31,-76.47,5,01/01/18,06/30/18
30886,240230002,Piney Run,US,MD,240230002,39.71,-79.01,777,06/22/04,09/30/18
26030,240259001,Aldino,US,MD,240259001,39.56,-76.2,395,05/08/95,12/31/08
98320,240270006,Howard County Near Road,US,MD,240270006,39.14,-76.85,10,04/01/14,06/30/18
25629,240330030,Hu-Beltsville,US,MD,240330030,39.06,-76.88,49,05/25/05,09/30/18
7093,245100040,Oldtown,US,MD,245100040,39.3,-76.6,12,01/01/93,06/30/18
7457,245100050,Lat/Long Point Is Of Sampling Inlet...............,US,MD,245100050,39.32,-76.58,49,05/09/95,09/14/01
30991,245100051,Pams-Ozone-Nox Analyzers Are Located At South C...,US,MD,245100051,39.28,-76.6,5,06/01/97,09/30/99
26033,250010002,Truro National Seashore,US,MA,250010002,41.98,-70.02,41,07/01/97,09/30/06
26036,250051002,Leroy Wood School,US,MA,250051002,41.63,-70.88,4,04/01/02,09/30/02
31031,250051005,Site Located In Borderland State Park.,US,MA,250051005,42.06,-71.15,61,04/01/96,09/30/01
17510,250092006,Lynn Water Treatment Plant,US,MA,250092006,42.47,-70.97,52,04/01/93,09/30/18
26039,250094004,Site Located Off Parking Lot 2.,US,MA,250094004,42.79,-70.81,1,08/01/94,08/31/09
77364,250094005,Newburyport Harbor St Parking Lot,US,MA,250094005,42.81,-70.82,2,07/07/10,12/31/17
17716,250095005,Consentino School.,US,MA,250095005,42.77,-71.1,0,06/01/04,12/31/12
26040,250130003,"152 South Westfield Street, Feeding Hill",US,MA,250130003,42.06,-72.68,98,09/01/95,04/30/02
8107,250130008,Westover Afb,US,MA,250130008,42.19,-72.56,79,09/01/93,09/30/18
8114,250130016,Liberty St Parking Lot,US,MA,250130016,42.11,-72.59,31,01/01/93,04/24/18
101376,250130018,600 Liberty St,US,MA,250130018,42.12,-72.58,61,05/08/18,09/30/18
17933,250154002,Quabbin Res,US,MA,250154002,42.3,-72.33,312,01/01/93,09/30/18
101340,250170010,Chelmsfordnr,US,MA,250170010,42.61,-71.31,39,07/10/18,09/30/18
31186,250210008,"Fisher Reservoir, Fisher Ave",US,MA,250210008,42.33,-71.13,0,01/01/93,08/31/93
31187,250210009,Rte 9 And Chestnut Hill Ave,US,MA,250210009,42.32,-71.13,0,01/01/93,12/31/95
23486,250213003,Blue Hill Observatory,US,MA,250213003,42.21,-71.11,192,04/01/02,09/30/18
7458,250250002,Boston Kenmore Sq,US,MA,250250002,42.35,-71.1,6,01/01/93,09/30/18
24304,250250021,"340 Bremen Street, East Boston",US,MA,250250021,42.38,-71.03,6,01/01/93,12/31/02
31219,250250035,300 Longwood Ave Childrens Hospital,US,MA,250250035,42.33,-71.12,0,01/01/93,12/31/95
31220,250250036,Sw Corner Of Brookline Ave & Francis St,US,MA,250250036,42.33,-71.12,0,01/01/93,12/31/95
31223,250250040,531A East First Street,US,MA,250250040,42.34,-71.04,0,01/15/93,06/30/14
31224,250250041,Boston Long Island,US,MA,250250041,42.32,-70.97,10,03/01/99,10/08/14
7483,250250042,Dudley Square Roxbury,US,MA,250250042,42.33,-71.08,6,07/18/00,09/30/18
98322,250250044,Von Hillern St,US,MA,250250044,42.33,-71.06,15,06/13/13,09/30/18
26045,250251003,Powder Horn Hill,US,MA,250251003,42.4,-71.03,59,01/01/93,12/31/99
7909,250270020,"Central Street Fire Station, Central St.",US,MA,250270020,42.27,-71.8,145,01/01/93,09/30/03
25630,250270023,Worcester Summer Street,US,MA,250270023,42.26,-71.79,145,01/01/04,07/04/18
4217,260050003,Holland,US,MI,260050003,42.77,-86.15,194,07/01/95,09/30/97
31350,260430901,Champion Site #1,US,MI,260430901,45.8,-87.97,320,01/01/93,09/23/93
31351,260430902,Champion Site #2,US,MI,260430902,45.78,-87.95,323,01/01/93,09/23/93
8086,260650012,220 N Pennsylvania,US,MI,260650012,42.74,-84.53,268,12/19/00,04/11/18
101446,260650018,815 Filley,US,MI,260650018,42.76,-84.56,200,05/17/18,06/30/18
16819,260810020,Gr-Monroe,US,MI,260810020,42.98,-85.67,186,01/14/02,03/31/07
17360,260990009,New Haven,US,MI,260990009,42.73,-82.79,189,07/15/93,03/31/98
31571,261110940,4105 Bay City Road,US,MI,261110940,43.61,-84.18,201,01/01/93,07/31/93
31572,261110941,Poseyville Road Laydown Area,US,MI,261110941,43.57,-84.24,191,01/01/93,07/31/93
1855,261130001,Located About 1/4 Mile West Of Site,US,MI,261130001,44.31,-84.89,0,01/01/00,07/01/18
31728,261590901,"Lawton Site, 880 2Nd St.",US,MI,261590901,42.17,-85.83,268,01/01/93,09/30/96
1713,261630015,Southwestern H.S.,US,MI,261630015,42.3,-83.11,180,06/11/18,07/01/18
16827,261630016,2451 Marquette,US,MI,261630016,42.36,-83.1,191,01/01/93,03/31/07
16830,261630019,East 7 Mile,US,MI,261630019,42.43,-83,192,03/01/02,03/31/02
16830,261630019,East 7 Mile (#2),US,MI,261630019,42.43,-83,192,01/01/93,07/01/18
31757,261630062,640 Temple 2Nd Floor,US,MI,261630062,42.34,-83.06,610,07/15/93,08/31/93
98054,261630093,23751 Fenkell St (Roadside),US,MI,261630093,42.39,-83.27,1,10/01/11,07/01/18
98055,261630094,23751 Fenkell St (Downwind),US,MI,261630094,42.39,-83.27,1,10/01/11,07/01/18
98796,261630095,18790 Haggerty Rd,US,MI,261630095,42.42,-83.43,0,01/01/15,07/01/18
101023,261631010,9300 W Jefferson,US,MI,261631010,42.29,-83.12,0,11/01/15,09/30/18
100957,261631011,9300 W Jefferson,US,MI,261631011,42.28,-83.12,0,11/01/15,09/30/18
39331,270031002,Anoka County Airport,US,MN,270031002,45.14,-93.21,280,01/01/12,06/30/18
23488,270177416,Fond Du Lac Band 7416,US,MN,270177416,46.71,-92.52,378,08/07/02,12/31/10
31818,270370020,Flint Hills Refinery 420,US,MN,270370020,44.76,-93.03,288,01/01/95,06/30/18
31818,270370020,Flint Hills Refinery 420 (#2),US,MN,270370020,44.76,-93.03,288,12/07/95,05/21/96
31825,270370423,Flint Hills Refinery 423,US,MN,270370423,44.78,-93.06,272,01/01/95,06/30/18
100797,270370480,Near Road I-35,US,MN,270370480,44.71,-93.29,312,01/01/15,06/30/18
31844,270495302,Stanton Air Field,US,MN,270495302,44.47,-93.01,300,07/01/03,09/30/04
31871,270530953,1404 Central Avenue Ne,US,MN,270530953,45,-93.25,256,01/01/93,08/27/96
31874,270530957,Camden Industrial Area,US,MN,270530957,45.02,-93.28,0,12/12/96,12/31/02
98243,270530962,Near Road I-35/I-94,US,MN,270530962,44.97,-93.25,259,04/01/13,06/30/18
26063,270750005,Boundary Waters,US,MN,270750005,47.95,-91.5,528,01/01/12,03/31/13
32002,271230864,Larpenteur Avenue,US,MN,271230864,44.99,-93.18,305,01/01/93,12/22/02
32127,271710007,Nsp Sherco Stat#4 Monticello Met Tower,US,MN,271710007,45.33,-93.84,288,01/01/94,06/30/97
32134,280030004,"Tva Psd Site At Roscoe Turner Airport, Corinth, Ms",US,MS,280030004,34.91,-88.6,129,04/12/01,04/12/02
24390,280190001,"Tva Psd Site In Ackerman , Ms",US,MS,280190001,33.38,-89.2,183,10/18/96,10/31/97
2251,280330002,Hernando (#2),US,MS,280330002,34.82,-89.99,117,04/01/98,06/30/02
2256,280450001,Port Bienville Industrial Park,US,MS,280450001,30.23,-89.57,3,04/01/98,12/31/04
32139,280450003,Waveland,US,MS,280450003,30.3,-89.4,5,06/01/05,08/31/05
98244,280490020,Jackson Ncore,US,MS,280490020,32.33,-90.18,106,01/01/15,06/30/18
17208,280590006,Pascagoula,US,MS,280590006,30.38,-88.53,0,04/01/04,06/30/18
24393,280810004,"Tva Psd Site In Tupelo, Ms",US,MS,280810004,34.26,-88.76,107,01/01/97,12/31/97
32196,280930001,Tva Psd Site,US,MS,280930001,34.95,-89.42,155,03/01/04,02/28/05
24394,281070001,"Tva Psd Site Near Batesville, Mississippi",US,MS,281070001,34.36,-89.89,67,04/14/98,03/26/99
15381,290390001,El Dorado Springs,US,MO,290390001,37.69,-94.04,294,09/01/98,06/30/03
7549,290470005,Liberty,US,MO,290470005,39.3,-94.38,287,01/01/93,09/30/10
32244,290470006,Rocky Creek,US,MO,290470006,39.33,-94.58,302,04/01/02,11/30/04
26071,290470025,49Th & Winchester,US,MO,290470025,39.18,-94.5,283,01/01/93,03/31/02
23490,290950034,Troost,US,MO,290950034,39.1,-94.57,287,07/01/02,06/30/18
24409,290950038,Pm10 Located N. Of B.R.Bldg (Gst) Known As Bar ...,US,MO,290950038,39.1,-94.49,0,11/22/94,09/30/96
98339,290950042,"Blue Ridge, I-70",US,MO,290950042,39.05,-94.45,293,07/01/13,06/30/18
15079,291290001,Mercer County Is A Spms Cafo Site Established 1...,US,MO,291290001,40.56,-93.42,0,01/01/00,12/31/01
15256,291370001,Mtsp,US,MO,291370001,39.47,-91.79,218,07/21/14,06/30/18
26075,291650023,11500 N 71 Hwy,US,MO,291650023,39.3,-94.7,293,01/01/93,11/30/04
32379,291830010,Augusta Quarry,US,MO,291830010,38.58,-90.84,0,12/16/94,08/31/98
14904,291831002,West Alton,US,MO,291831002,38.87,-90.23,131,01/01/93,09/30/10
25634,291860005,Bonne Terre,US,MO,291860005,37.9,-90.42,0,04/01/96,09/30/10
26076,291890001,5962 South Lindbergh (#2),US,MO,291890001,38.52,-90.34,183,01/01/93,05/12/98
2259,291890004,Formerly 5962 South Lindbergh.,US,MO,291890004,38.53,-90.38,183,06/13/98,09/30/10
26077,291890006,305 Weidman Road (Queeny) (#2),US,MO,291890006,38.61,-90.5,175,01/01/93,10/31/05
32398,291890014,Maryland Heights,US,MO,291890014,38.71,-90.48,185,04/01/05,09/30/10
100862,291890016,"Rider Trail, I-70",US,MO,291890016,38.75,-90.45,157,01/09/15,06/30/18
26078,291893001,Ladue,US,MO,291893001,38.65,-90.35,156,01/01/10,09/30/10
26078,291893001,Ladue (#2),US,MO,291893001,38.65,-90.35,156,01/04/93,12/31/09
14988,291895001,3400 Pershall Road,US,MO,291895001,38.77,-90.29,168,01/01/93,03/31/05
32419,291897003,.7 Miles E From Old Site On S Side Of St Chas R...,US,MO,291897003,38.72,-90.37,0,02/13/01,10/31/04
32426,292110001,Green Castle,US,MO,292110001,40.25,-92.88,100,09/13/01,12/31/01
26081,295100072,1122 Clark (#2),US,MO,295100072,38.62,-90.2,154,01/01/93,04/27/05
15476,295100085,Blair Street (#2),US,MO,295100085,38.66,-90.2,150,07/01/13,06/30/18
13393,295100086,Margaretta Category B Core Slam Pm2.5.,US,MO,295100086,38.67,-90.24,0,01/07/00,06/30/18
98340,295100094,Forest Park,US,MO,295100094,38.63,-90.28,168,01/01/13,06/30/18
98340,295100094,Forest Park (#2),US,MO,295100094,38.63,-90.28,168,04/01/13,06/30/15
98340,295100094,Forest Park (#3),US,MO,295100094,38.63,-90.28,168,04/01/15,06/30/15
98247,300270006,Lewistown,US,MT,300270006,47.05,-109.46,1253,08/01/12,06/30/18
41899,300310017,West Yellowstone Park Ent #2,US,MT,300310017,44.66,-111.09,2030,02/11/10,07/31/15
41899,300310017,West Yellowstone Park Ent #2 (#5),US,MT,300310017,44.66,-111.09,2030,08/01/15,08/31/18
32712,300630036,Frenchtown (L-P),US,MT,300630036,47.01,-114.23,924,06/01/01,06/30/03
32713,300650004,Round Up - Bull Mountain Power Project,US,MT,300650004,46.27,-108.46,1220,01/01/02,11/30/03
98248,300710010,Malta,US,MT,300710010,48.32,-107.86,785,08/01/12,06/30/18
77373,300750001,Broadus,US,MT,300750001,45.44,-105.37,943,05/26/10,06/30/18
41901,300830001,Sidney Oil Field,US,MT,300830001,47.8,-104.49,776,10/10/08,04/24/17
101458,300830002,Sidney 201,US,MT,300830002,47.87,-104.68,713,05/01/17,06/30/18
60088,300870001,Birney - Tongue River,US,MT,300870001,45.37,-106.49,961,03/04/10,06/30/18
24492,300870700,"Mpc #3, Cedar Ave Hill, Colstrip",US,MT,300870700,45.89,-106.63,991,01/01/93,12/31/01
24493,300870701,"Mpc #1,Hiway 39 Industrial Park,Colstrip",US,MT,300870701,45.9,-106.64,1003,01/01/93,12/31/01
24494,300870702,"Mpc #2, 5&6 Pond West, Colstrip",US,MT,300870702,45.86,-106.56,1008,01/01/93,12/31/01
24505,300870760,"No Cheyenne, Morningstar, Colstrip",US,MT,300870760,45.67,-106.52,1311,01/01/93,12/31/17
39199,300870761,"No Cheyenne, Garfield Peak, Colstrip",US,MT,300870761,45.6,-106.46,1293,01/01/93,12/31/17
32768,300870762,"No Cheyenne, Badger Peak, Colstrip",US,MT,300870762,45.65,-106.56,1323,01/01/93,12/31/17
39201,301110086,Shepherd Bus Barn,US,MT,301110086,45.94,-108.35,957,06/01/05,12/31/07
3682,320030022,Apex,US,NV,320030022,36.39,-114.91,662,01/01/98,12/31/07
24550,320030023,Mesquite,US,NV,320030023,36.81,-114.06,490,01/01/02,12/31/07
24554,320030073,Palo Verde,US,NV,320030073,36.17,-115.33,932,08/01/98,12/31/07
24555,320030075,Joe Neal,US,NV,320030075,36.27,-115.24,709,01/01/08,09/30/18
32979,320030078,"103 Highway 95, Searchlight, Nv",US,NV,320030078,35.47,-114.92,1094,01/01/02,06/30/03
24557,320030539,Trailer In Rv Park (Maycliff Rv & Storage) (Sit...,US,NV,320030539,36.14,-115.09,533,01/01/98,12/31/07
77376,320030540,Jerome Mack-Ncore,US,NV,320030540,36.14,-115.08,610,04/11/17,09/30/18
32981,320030557,"2850 E Charleston Blvd., Las Vegas",US,NV,320030557,36.16,-115.11,567,01/01/93,03/31/97
25636,320030561,Sunrise Acres,US,NV,320030561,36.16,-115.11,0,11/19/12,09/30/18
32985,320030563,650 N. Mojave,US,NV,320030563,36.18,-115.1,570,01/01/02,04/22/05
24558,320030601,Boulder City,US,NV,320030601,35.98,-114.85,0,01/01/98,06/30/03
3711,320031019,Jean,US,NV,320031019,35.79,-115.36,924,07/01/98,03/31/07
100776,320031501,Rancho & Teddy,US,NV,320031501,36.14,-115.18,1,08/01/15,09/30/18
101091,320031502,Casino Center,US,NV,320031502,36.17,-115.14,1,07/01/16,09/30/18
3670,320032002,Jd Smith,US,NV,320032002,36.19,-115.12,0,10/01/98,12/31/17
3400,320310016,Reno3,US,NV,320310016,39.53,-119.81,1341,05/01/05,09/30/18
11762,320312002,Incline,US,NV,320312002,39.25,-119.96,1957,05/01/99,02/28/02
24582,325100004,Nw Corner Of Equipment Yard.,US,NV,325100004,39.17,-119.76,1433,01/01/97,10/03/97
26097,330110016,"Hartnett Park, Municipal Parking Lot",US,NH,330110016,42.99,-71.46,75,01/01/93,05/18/99
2781,330110019,Unknown,US,NH,330110019,43,-71.47,61,08/01/99,06/30/01
2949,330110020,Pearl St Municipal Parking Lot,US,NH,330110020,43,-71.46,84,06/01/01,12/31/10
33118,330111011,Gilson Road,US,NH,330111011,42.72,-71.52,59,04/01/04,09/18/14
23191,330115001,Miller State Park,US,NH,330115001,42.86,-71.88,694,06/01/06,09/30/10
3958,330150009,Vaughan Street,US,NH,330150009,43.08,-70.76,3,01/01/93,03/31/01
33140,330150013,South Road Brentwood,US,NH,330150013,43,-71.2,0,04/02/98,04/30/03
3962,330150014,Portsmouth - Peirce Island,US,NH,330150014,43.08,-70.75,10,06/01/03,12/31/08
33141,330150015,Field Office - Continuous Monitoring - Replaces...,US,NH,330150015,43.08,-70.76,3,08/01/01,05/31/03
98090,330150018,Moosehill School (#2),US,NH,330150018,42.86,-71.38,108,10/01/14,06/30/18
26101,340030001,Accamando Place & Cedar Street,US,NJ,340030001,40.81,-73.99,61,01/01/93,05/20/98
33158,340030005,Teaneck,US,NJ,340030005,40.9,-74.03,6,07/01/01,01/17/07
41079,340030006,Leonia,US,NJ,340030006,40.87,-73.99,1,12/07/07,12/31/10
100789,340030010,Fort Lee Near Road,US,NJ,340030010,40.85,-73.97,87,04/01/14,06/30/18
98091,340070002,Camden Spruce Street,US,NJ,340070002,39.93,-75.13,4,04/18/12,06/30/18
4122,340070003,Camden Lab (#2),US,NJ,340070003,39.92,-75.1,8,01/01/93,09/29/08
26103,340110007,Millville,US,NJ,340110007,39.42,-75.03,22,07/01/16,06/30/18
42071,340130003,Newark - Firehouse,US,NJ,340130003,40.72,-74.19,27,01/12/11,06/30/18
3851,340130016,"Trailer In Fenced In Paved Lot, Corner Lexingto...",US,NJ,340130016,40.72,-74.15,3,08/14/01,06/05/03
33210,340131003,East Orange,US,NJ,340131003,40.76,-74.2,48,01/01/93,06/30/16
26106,340170006,Bayonne,US,NJ,340170006,40.67,-74.13,3,01/01/93,06/30/18
33228,340171002,Jersey City,US,NJ,340171002,40.73,-74.07,27,01/01/16,06/30/18
26108,340210005,Rider University,US,NJ,340210005,40.28,-74.74,30,10/01/94,12/31/10
26109,340230011,Rutgers University,US,NJ,340230011,40.46,-74.43,19,10/04/94,06/30/18
15363,340273001,Chester,US,NJ,340273001,40.79,-74.68,278,01/01/93,06/30/18
11904,340390004,Elizabeth Lab (#2),US,NJ,340390004,40.64,-74.21,5,01/01/93,06/30/18
33324,340390008,Repl Pla,US,NJ,340390008,40.6,-74.45,18,02/16/95,11/25/97
26112,340395001,West Third And Bergen Streets,US,NJ,340395001,40.6,-74.44,19,01/01/93,11/01/94
77272,340410007,Columbia Wma,US,NJ,340410007,40.92,-75.07,146,01/20/11,06/30/18
11196,350010023,Del Norte High School,US,NM,350010023,35.13,-106.59,1593,01/01/93,06/30/18
11200,350010024,South East Heights,US,NM,350010024,35.06,-106.58,1616,11/01/04,09/30/08
33363,350015010,Highway 333,US,NM,350015010,35.04,-106.39,0,03/02/04,04/07/04
24616,350130019,6Zl Holman Road,US,NM,350130019,32.42,-106.67,1189,11/07/95,09/27/02
24617,350130020,6Zk Chaparral,US,NM,350130020,32.04,-106.41,1250,02/14/96,06/30/03
23500,350130021,6Zm Desert View,US,NM,350130021,31.8,-106.58,1219,02/13/96,06/30/18
23501,350130022,6Zn Santa Teresa,US,NM,350130022,31.79,-106.68,1280,10/01/98,06/30/18
33413,350151004,"1600 N.13Th St Artesia, N.M. 88210",US,NM,350151004,32.86,-104.41,0,01/01/93,06/02/09
23502,350151005,5Zr On Blm Land Bordering Residential Area Outs...,US,NM,350151005,32.38,-104.26,780,08/26/97,06/30/18
33431,350250008,5Zs Hobbs Jefferson,US,NM,350250008,32.73,-103.12,1110,08/20/04,06/30/18
41089,350290003,7E Deming Airport,US,NM,350290003,32.26,-107.72,1313,07/20/06,05/01/15
26120,350431002,"Nm285 And Sabana Grande, Rio Rancho, Nm",US,NM,350431002,35.25,-106.65,0,03/16/95,12/31/95
11032,350431003,2Zr Site Moved From Rio Rancho City Hall To Sen...,US,NM,350431003,35.24,-106.65,1520,03/22/96,07/24/09
33463,350450009,1Zb Bloomfield,US,NM,350450009,36.74,-107.98,1713,07/12/96,06/30/18
33468,350450014,Near Four Corner Power Plant (Kirtland),US,NM,350450014,36.71,-108.5,1623,01/01/93,09/30/94
33471,350450018,"423 Hway 539, Navajo Dam, Nm 87419",US,NM,350450018,36.81,-107.65,1950,11/15/05,06/30/18
101380,350450020,Chaco Culture Nhp - Radio Repeater,US,NM,350450020,36.04,-107.9,1965,02/23/17,08/31/18
33476,350451005,1H Substation (#2),US,NM,350451005,36.8,-108.47,1678,03/19/97,06/30/18
33478,350451233,"Dine College, Gis Lab",US,NM,350451233,36.81,-108.7,0,01/01/10,08/31/18
11149,360010012,Loudonville,US,NY,360010012,42.68,-73.76,101,04/08/94,07/16/99
11169,360050073,"Is 155, 470 Jackson Av.",US,NY,360050073,40.81,-73.91,15,10/15/97,07/16/99
11171,360050080,Morrisania,US,NY,360050080,40.84,-73.92,20,01/01/93,05/02/00
11148,360050083,Botanical Garden,US,NY,360050083,40.87,-73.88,24,01/27/95,02/07/07
11156,360050110,Is 52,US,NY,360050110,40.82,-73.9,17,09/07/99,09/30/18
41096,360050133,Pfizer Lab Site,US,NY,360050133,40.87,-73.88,31,01/01/07,08/30/18
26123,360270007,Millbrook,US,NY,360270007,41.79,-73.74,98,05/08/93,12/16/93
10969,360290002,Amherst,US,NY,360290002,42.99,-78.77,184,01/01/93,12/12/12
10971,360290005,Buffalo (#3),US,NY,360290005,42.88,-78.81,185,01/01/93,09/30/18
98789,360290023,"I90 Mile Post 424.6 East Bound Side, Cheektowag...",US,NY,360290023,42.92,-78.77,199,04/01/14,09/30/18
33654,360337003,Y001,US,NY,360337003,44.98,-74.7,3,04/01/09,12/31/17
11821,360470011,Greenpoint,US,NY,360470011,40.73,-73.95,9,09/16/93,06/19/96
100828,360550015,"I-490 And 1775 East Avenue, Rochester, Ny 14610",US,NY,360550015,43.15,-77.56,143,12/18/14,08/30/18
25638,360551007,Rochester 2 (#2),US,NY,360551007,43.15,-77.55,137,01/01/11,12/31/11
10901,360590005,Eisenhower Park (#2),US,NY,360590005,40.74,-73.59,27,01/01/93,12/31/10
11642,360610010,"Mabel Dean High Sch.Annex, 240 2Nd Ave.",US,NY,360610010,40.74,-73.99,38,04/13/93,06/14/01
11654,360610056,Ps 59,US,NY,360610056,40.76,-73.97,17,01/01/93,06/30/08
11121,360810097,Queensboro Community College,US,NY,360810097,40.76,-73.76,0,06/19/98,12/27/01
23223,360810098,College Point Post Office,US,NY,360810098,40.78,-73.85,6,05/16/98,01/18/06
11482,360810124,Queens College 2,US,NY,360810124,40.74,-73.82,25,07/14/01,09/30/18
101430,360810125,"I-495, H Harding Expwy And 153Rd St",US,NY,360810125,40.74,-73.82,25,04/01/17,09/30/18
11693,361010003,Pinnacle State Park (#5),US,NY,361010003,42.09,-77.21,507,06/01/07,12/31/11
23521,361030009,Holtsville (#2),US,NY,361030009,40.83,-73.06,45,01/01/00,10/18/10
34006,361195003,Suny 735 Anderson Hill Road,US,NY,361195003,41.05,-73.7,15,01/01/93,07/02/93
10779,370330001,Cherry Grove,US,NC,370330001,36.31,-79.47,241,07/13/93,09/30/95
10795,370370004,Pittsboro,US,NC,370370004,35.76,-79.16,121,05/01/94,09/30/95
26148,370630013,2700 North Duke Street,US,NC,370630013,36.04,-78.9,118,05/05/94,09/30/95
10445,370670022,Hattie Avenue,US,NC,370670022,36.11,-80.23,284,01/01/93,08/31/18
10445,370670022,Hattie Avenue (#2),US,NC,370670022,36.11,-80.23,284,05/14/93,09/06/94
26151,370671008,Union Cross,US,NC,370671008,36.05,-80.14,285,05/18/94,09/08/94
26152,370690001,Franklinton,US,NC,370690001,36.1,-78.46,135,07/21/93,09/30/95
26153,370770001,Butner,US,NC,370770001,36.14,-78.77,91,06/17/93,09/30/95
98346,371050002,Blackstone,US,NC,371050002,35.43,-79.29,131,12/09/14,07/31/18
10277,371190041,Garinger High School,US,NC,371190041,35.24,-80.79,232,11/12/99,10/31/18
100744,371190045,Remount,US,NC,371190045,35.21,-80.87,194,07/17/14,10/31/18
26160,371191009,County Line,US,NC,371191009,35.35,-80.7,0,07/14/93,09/06/94
26162,371570099,Bethany Sch.,US,NC,371570099,36.31,-79.86,277,07/09/93,09/30/95
25659,371590021,Rockwell,US,NC,371590021,35.55,-80.4,240,07/27/93,06/30/96
25659,371590021,Rockwell (#2),US,NC,371590021,35.55,-80.4,240,05/01/96,06/30/96
34361,371590022,Enochville School,US,NC,371590022,35.53,-80.67,270,07/17/95,09/30/95
10063,371830014,Millbrook School,US,NC,371830014,35.86,-78.57,100,01/01/14,09/30/18
10064,371830015,808 North State Street,US,NC,371830015,35.79,-78.62,127,01/01/93,05/19/93
10064,371830015,808 North State Street (#2),US,NC,371830015,35.79,-78.62,127,06/16/93,09/30/95
26163,371830016,Fuquay-Varina,US,NC,371830016,35.6,-78.79,117,06/17/93,09/30/95
98347,371830021,Triple Oak,US,NC,371830021,35.87,-78.82,97,01/08/14,09/30/18
10512,380130002,Short Creek,US,ND,380130002,48.99,-102.78,580,02/26/99,12/29/05
23524,380130004,Lostwood Nwr,US,ND,380130004,48.64,-102.4,696,10/28/03,09/30/18
10519,380150003,Bismarck Residential,US,ND,380150003,46.83,-100.77,580,10/05/05,09/30/18
24722,380171003,Fargo Residential,US,ND,380171003,46.91,-96.8,277,08/30/95,05/12/98
10411,380171004,Fargo Nw,US,ND,380171004,46.93,-96.86,275,06/01/98,09/30/18
34446,380250003,Dunn Center,US,ND,380250003,47.31,-102.53,683,12/14/98,06/19/18
101451,380250004,Lake Ilo,US,ND,380250004,47.34,-102.65,684,06/29/18,09/30/18
24724,380350003,Grand Forks - Und,US,ND,380350003,47.92,-97.08,262,01/01/93,05/17/93
9791,380530002,Trnp-Nu,US,ND,380530002,47.58,-103.3,624,08/01/01,09/30/18
11530,380570004,Beulah North,US,ND,380570004,47.3,-101.77,630,01/14/99,09/30/18
34476,380570102,609 60Th Ave. Sw,US,ND,380570102,47.33,-101.77,599,01/01/93,06/30/16
34477,380570103,Ramp #3,US,ND,380570103,47.19,-101.8,610,01/01/93,12/31/93
34478,380570104,6259 County 15,US,ND,380570104,47.42,-101.88,606,01/01/93,09/30/95
34489,380570124,6493 First Street Sw,US,ND,380570124,47.4,-101.93,718,10/19/95,06/30/18
39334,380650002,Hannover,US,ND,380650002,47.19,-101.43,697,01/01/12,09/30/18
10607,380910001,Located On The West Side Of Town In A Grass/Par...,US,ND,380910001,47.6,-97.9,460,07/01/94,12/31/00
101011,381010003,Ryder,US,ND,381010003,47.94,-101.57,639,01/19/17,09/30/18
60029,381010114,Highway 23 West Makoti,US,ND,381010114,47.97,-101.85,639,12/03/09,03/31/10
34523,390010013,First Site. West Of Plant.,US,OH,390010013,38.9,-83.34,360,08/26/94,10/31/95
41217,390090004,Athens Ou,US,OH,390090004,39.31,-82.12,280,01/01/07,12/31/11
100768,390130006,Shadyside,US,OH,390130006,39.97,-80.75,195,07/01/15,08/31/18
24744,390290016,500 Maryland Ave. E. Liverpool,US,OH,390290016,40.63,-80.55,230,01/01/93,10/31/98
34654,390350043,3500 East,US,OH,390350043,41.46,-81.58,287,01/01/93,02/03/97
9752,390350060,Gt Craig Ncore,US,OH,390350060,41.49,-81.68,206,01/10/93,08/31/18
10099,390350066,Located At West Emd Pf School Property,US,OH,390350066,41.46,-81.58,287,03/31/97,04/19/04
34675,390350070,Corlett School,US,OH,390350070,41.46,-81.59,278,05/01/04,11/30/08
100775,390350073,Cleveland Near Road,US,OH,390350073,41.44,-81.49,347,08/01/14,08/31/18
24755,390490034,Fairgrounds,US,OH,390490034,40,-82.99,250,01/01/18,09/30/18
34747,390490037,Franklin_Pk,US,OH,390490037,39.97,-82.96,238,04/01/13,12/29/17
98349,390490038,Smoky Row Near Road,US,OH,390490038,40.11,-83.07,270,01/01/14,09/30/18
34795,390610035,Vine And St. Clair,US,OH,390610035,39.14,-84.51,241,01/01/93,10/29/94
10355,390610040,Taft,US,OH,390610040,39.13,-84.5,256,04/01/99,09/30/18
98350,390610048,Cincinnati Near Road,US,OH,390610048,39.15,-84.54,162,01/01/14,09/30/18
34822,390614002,Norwood Nox/Cox,US,OH,390614002,39.16,-84.44,186,01/01/93,12/31/05
42161,391030004,Chippewa,US,OH,391030004,41.06,-81.92,322,09/01/09,07/31/10
35068,391291001,"Tarlton Rd., Circleville,",US,OH,391291001,39.57,-82.94,217,01/01/93,01/20/94
35128,391450014,East Of Ge Property,US,OH,391450014,38.93,-83.27,198,10/29/94,10/31/95
35266,400019009,Stilwell,US,OK,400019009,35.75,-94.67,300,07/01/08,01/02/13
35277,400170101,Okc West-(Yukon),US,OK,400170101,35.48,-97.75,422,03/11/13,10/31/17
8901,400219002,Tahlequah Shelter,US,OK,400219002,35.85,-94.99,238,08/17/99,07/27/09
35309,400470552,Near Enid City Maintenance Complex,US,OK,400470552,36.41,-97.9,0,05/29/96,03/30/01
100815,400510065,1 Bradley Road,US,OK,400510065,34.88,-97.71,332,01/01/16,04/14/17
9319,400719003,Ponca Tribe,US,OK,400719003,36.66,-97.07,335,07/01/99,09/08/04
35342,400770441,Weather Station - Talihina Mesonet Site,US,OK,400770441,34.71,-95.07,0,09/01/00,11/06/01
24816,400970185,"E. Of Washington School, 1.7 Miles North Of Hiw...",US,OK,400970185,36.31,-95.29,0,04/14/98,03/31/01
25644,400979014,Cherokee Heights,US,OK,400979014,36.23,-95.25,190,02/02/04,07/27/09
35372,401010160,5 Miles South Of Haskell At Osu Research Station,US,OK,401010160,35.75,-95.63,180,03/17/98,10/31/98
24817,401010167,Muskogee Water Treatment Plant,US,OK,401010167,35.79,-95.3,154,01/01/93,06/04/03
26213,401090033,Okc Central-Osdh,US,OK,401090033,35.48,-97.49,398,01/01/93,10/31/18
100831,401090097,Near Road,US,OK,401090097,35.5,-97.58,1,04/01/15,10/31/18
8640,401091037,Okc North,US,OK,401091037,35.61,-97.48,354,01/01/93,04/03/15
35412,401110152,8 Miles S. Of Glenpool On Hiway 75 And 3/4 Mile...,US,OK,401110152,35.84,-96,0,03/01/97,10/21/98
35413,401110153,1 Mile Nnw Of Preston Near The Us Cellular Tower,US,OK,401110153,35.84,-95.9,0,03/01/97,09/30/98
8301,401159004,Quapaw Shelter,US,OK,401159004,36.92,-94.84,247,01/01/01,06/30/05
35444,401359015,Marble City Shelter,US,OK,401359015,35.58,-94.83,238,03/23/06,07/21/09
60096,401359021,"207 Cherokee Boulevard, Roland, Ok  74954",US,OK,401359021,35.41,-94.52,137,07/01/10,06/30/18
26216,401430174,Tulsa South,US,OK,401430174,35.95,-96,223,01/01/93,06/10/03
24829,401430191,Cincinnati,US,OK,401430191,36.14,-95.98,210,01/01/93,10/31/01
9139,401431127,North Tulsa - Fire Station#24,US,OK,401431127,36.2,-95.98,198,10/01/01,10/31/18
8763,410510080,Portland - Se Lafayette,US,OR,410510080,45.5,-122.6,69,05/01/93,06/30/18
41337,410591003,Hermiston - Municipal Airport (Hma),US,OR,410591003,45.83,-119.26,196,02/27/07,03/05/08
98356,410670005,"6745 Bradbury Court, Tualatin, Or  (No2 Roadway...",US,OR,410670005,45.39,-122.75,53,05/08/14,06/30/18
8785,420010001,Narsto Site Arendtsville,US,PA,420010001,39.92,-77.31,269,06/24/97,03/21/18
8793,420030008,Lawrenceville,US,PA,420030008,40.47,-79.96,256,01/01/93,08/25/14
35700,420030010,Lat/Lon Is Approximate Location Of Science Center,US,PA,420030010,40.45,-80.02,0,11/25/97,12/31/13
24856,420030031,Flag Plaza,US,PA,420030031,40.44,-79.99,268,01/01/93,06/30/01
26221,420031005,Harrison,US,PA,420031005,40.61,-79.73,302,07/18/01,02/11/14
9150,420031008,Harrison,US,PA,420031008,40.62,-79.73,302,02/12/14,09/30/18
100860,420031376,Parkway East Near-Road,US,PA,420031376,40.44,-79.86,355,09/01/14,09/30/18
8203,420070014,Eight Street And River Alley,US,PA,420070014,40.75,-80.32,216,01/01/93,03/31/18
2190,420110009,A420110009Lat/Long Point Is Of Sampling Inlet,US,PA,420110009,40.32,-75.93,81,01/01/93,05/15/06
41345,420110011,Reading Airport,US,PA,420110011,40.38,-75.97,92,07/01/07,12/31/15
98357,420150011,Towanda,US,PA,420150011,41.71,-76.51,340,03/01/13,03/31/18
8634,420170012,A420170012Lat/Long Point Is Of Sampling Inlet,US,PA,420170012,40.11,-74.88,12,01/01/93,12/31/15
8235,420210011,Miller Auto Shop 1 Messenger St,US,PA,420210011,40.31,-78.92,361,01/01/93,03/31/18
8244,420270100,Lat/Lon=Point Sw Corner Of Trailer,US,PA,420270100,40.81,-77.88,0,03/08/02,03/31/18
1808,420430401,A420430401Lat/Lon Point Is At Corner Of Trailer,US,PA,420430401,40.25,-76.85,125,01/01/93,12/31/11
1810,420450002,A420450002Lat/Lon Point Is Of Corner Of Trailer,US,PA,420450002,39.84,-75.37,3,01/01/93,03/31/18
1804,420490003,10Th And Marne Streets,US,PA,420490003,42.14,-80.04,0,01/01/93,03/31/18
35943,420590002,75 Km Ssw Of Pittsburgh Rural Site On A Knoll W...,US,PA,420590002,39.81,-80.27,450,04/01/99,08/31/00
35947,420630004,Pa. Dept. Of Transportation - Rt.403 - Strongstown,US,PA,420630004,40.56,-78.92,360,11/01/04,12/31/08
17979,420692006,A420692006Lat/Lon Point Is At Corner Of Trailer,US,PA,420692006,41.44,-75.62,251,01/01/93,03/31/18
17997,420710007,A420710007Lat/Lon Point At Corner Of Trailer,US,PA,420710007,40.05,-76.28,99,01/01/93,12/31/15
8524,420770004,A420770004Lat/Long Point Is Of Sampling Inlet,US,PA,420770004,40.61,-75.43,116,01/01/93,12/31/08
18378,420791101,A420791101Lat/Lon Point Is At Corner Of Trailer,US,PA,420791101,41.27,-75.85,172,01/01/93,12/31/08
8331,420910013,A420910013Lat/Lon Point Is Of Corner Of Trailer,US,PA,420910013,40.11,-75.31,53,01/01/93,12/31/08
8351,420950025,Lat/Lon Point Is Center Of Trailer,US,PA,420950025,40.63,-75.34,0,08/20/97,03/31/18
8274,420990301,A420990301Lat/Lon Point Is At Corner Of Trailer,US,PA,420990301,40.46,-77.17,126,01/01/93,06/30/14
8375,421010004,Air Management Services Laboratory (Ams Lab) (#3),US,PA,421010004,40.01,-75.1,22,01/01/93,03/31/17
36168,421010029,20Th And Race Streets (#2),US,PA,421010029,39.96,-75.17,25,01/01/93,01/12/05
18521,421010047,Community Health Services (Chs),US,PA,421010047,39.94,-75.17,21,01/01/93,06/30/15
98358,421010075,Torresdale Station,US,PA,421010075,40.05,-74.99,9,01/01/14,06/30/18
100913,421010076,Car-Barn Montgomery I -76,US,PA,421010076,39.99,-75.21,4,07/20/15,06/30/18
36193,421174000,Penn State Ozone Monitoring Site,US,PA,421174000,41.64,-76.94,650,05/08/12,03/31/18
18540,421250005,Charler01 Waste Treatment Plant,US,PA,421250005,40.15,-79.9,232,01/01/93,03/31/18
7601,421250200,Mccarrell And Fayette Sts,US,PA,421250200,40.17,-80.26,334,01/01/93,12/31/08
18033,421255001,Hillman State Park - Kings Creek Road,US,PA,421255001,40.45,-80.42,335,01/01/99,12/31/08
98258,421255200,Marcellus,US,PA,421255200,40.27,-80.24,327,07/20/12,03/31/18
18042,421290008,Lat/Lon Point Is Trailer,US,PA,421290008,40.3,-79.51,0,10/01/97,12/31/08
18056,421330008,A421330008Lat/Lon Point At Corner Of Trailer,US,PA,421330008,39.97,-76.7,125,01/01/93,03/31/18
18064,440030002,Aj,US,RI,440030002,41.62,-71.72,67,05/01/95,09/30/17
24895,440070012,Rockefeller Library,US,RI,440070012,41.83,-71.41,55,01/01/12,12/31/17
100774,440070030,Near Rd,US,RI,440070030,41.83,-71.42,23,04/01/14,03/31/18
18335,440071010,Francis School East Providence,US,RI,440071010,41.84,-71.36,15,04/01/94,03/31/18
24900,450030003,Jackson Middle School (#2),US,SC,450030003,33.34,-81.79,107,01/01/93,01/14/08
24903,450190003,Jenkins Ave. Fire Station (#2),US,SC,450190003,32.88,-79.98,8,01/01/93,09/05/18
18184,450190046,Cape Romain,US,SC,450190046,32.94,-79.66,3,01/01/93,10/31/18
18184,450190046,Cape Romain (#2),US,SC,450190046,32.94,-79.66,3,01/13/99,09/14/99
18103,450450008,Greenville Health Dept,US,SC,450450008,34.84,-82.4,288,01/01/93,01/12/10
18096,450450009,Taylors,US,SC,450450009,34.9,-82.31,292,07/07/00,01/08/08
41933,450450015,Greenville Esc,US,SC,450450015,34.84,-82.41,308,01/29/10,10/31/18
36416,450750003,Boyer (Holly Hill),US,SC,450750003,33.3,-80.44,27,09/18/02,11/09/04
17898,450790007,Parklane,US,SC,450790007,34.09,-80.96,107,01/01/93,09/12/16
17898,450790007,Parklane (#4),US,SC,450790007,34.09,-80.96,107,06/17/96,10/08/97
36431,450790021,Congaree Bluff,US,SC,450790021,33.81,-80.78,34,01/17/00,01/04/08
36432,450791001,Sandhill Experimental Station,US,SC,450791001,34.13,-80.87,139,06/27/07,07/16/18
26245,450791006,Congaree National Park (#2),US,SC,450791006,33.82,-80.83,30,01/01/93,03/27/01
36465,460330132,Wind Cave Np - Visitor Center (#3),US,SD,460330132,43.56,-103.48,1288,01/01/05,12/31/10
13038,460710001,South Of Badlands Np Headquarters (#3),US,SD,460710001,43.75,-101.94,742,01/01/05,06/30/18
13045,460990007,Near Hilltop Watertower (#3),US,SD,460990007,43.54,-96.68,480,01/08/03,12/31/07
41934,460990008,Sd School For The Deaf (#3),US,SD,460990008,43.55,-96.7,451,01/01/08,06/30/18
23544,461030020,Credit Union (#3),US,SD,461030020,44.09,-103.27,1042,01/01/11,06/30/18
36496,461094003,482Nd Ave (#3),US,SD,461094003,45.35,-96.56,342,11/01/01,10/31/02
42136,461270001,Union County #1 Jensen (#3),US,SD,461270001,42.75,-96.71,344,01/01/09,06/30/18
42137,461270002,Union County #2 Renken (#3),US,SD,461270002,42.85,-96.75,378,01/01/09,12/31/13
39339,470090101,Great Smoky Mountains Np - Look Rock (#4),US,TN,470090101,35.63,-83.94,801,05/02/15,08/31/18
26252,470110004,Tennessee Valley Authority Psd Site In Bradley ...,US,TN,470110004,35.3,-84.89,235,04/01/97,12/31/97
36541,470110102,Charleston Bowaters South(B-2) Worth St.,US,TN,470110102,35.28,-84.76,213,01/01/93,08/31/12
24925,470310004,"Tva Psd Site In Coffee County, Tn",US,TN,470310004,35.58,-86.02,344,03/28/95,02/28/05
24928,470370011,East Health,US,TN,470370011,36.21,-86.74,165,01/01/12,06/28/18
100791,470370040,Near Road,US,TN,470370040,36.14,-86.73,155,07/01/14,06/30/18
26256,470430009,"Tva Psd Site In Dickson County, Tn",US,TN,470430009,36.25,-87.36,226,12/20/94,03/22/00
36655,470750003,Shelter Is In A Flat Grassy Area Near Usgs Acid...,US,TN,470750003,35.47,-89.17,116,05/01/02,04/30/07
24940,470850020,Tva Jof 13 2.03 N 36 E Jof Plant,US,TN,470850020,36.05,-87.97,160,01/01/97,07/07/97
24940,470850020,Tva Jof 13 2.03 N 36 E Jof Plant (#3),US,TN,470850020,36.05,-87.97,160,01/01/03,12/31/03
36701,470931030,"Tva Psd Site 8.0Km S-Sw From Downtown, Knoxville",US,TN,470931030,35.9,-83.96,265,02/04/00,02/05/01
36704,471050003,"Tva Psd Site In Loudon Co., Tn",US,TN,471050003,35.79,-84.3,970,01/01/96,02/04/97
24943,471050106,A.E. Staley East Station 'A',US,TN,471050106,35.73,-84.32,250,11/01/95,10/31/96
24944,471070101,Calhoun Bowaters North(B-1) Lamountville,US,TN,471070101,35.3,-84.75,244,01/01/93,08/31/12
36755,471210104,Meigs County Ozone Monitor (#2),US,TN,471210104,35.29,-84.95,244,04/05/02,02/28/06
24952,471250009,"Union Carbide,Clarksvlle Hwy 79 Near I-2",US,TN,471250009,36.63,-87.22,0,02/01/95,12/31/95
36768,471251010,"Tva Psd Site 19.8 Miles Ne Of Clarksville, Tn (...",US,TN,471251010,36.63,-87.17,169,04/10/00,03/31/06
98141,471251012,1000 Solar Way Clarksville Tn  37040,US,TN,471251012,36.64,-87.24,172,06/10/13,06/10/14
36775,471310004,"4575 W Highway 21, Hornbeak, Tn",US,TN,471310004,36.35,-89.32,0,03/01/03,02/29/04
24953,471410004,"Tva Psd Site In Putnam County, Tn",US,TN,471410004,36.21,-85.4,445,01/01/96,02/27/96
24953,471410004,"Tva Psd Site In Putnam County, Tn (#2)",US,TN,471410004,36.21,-85.4,445,03/01/07,02/29/08
36806,471451020,Tva Psd Site 15 Km E From Kingston Steam Plant,US,TN,471451020,35.89,-84.38,304,06/02/99,10/31/00
39348,471570024,Alabama Ave. Station,US,TN,471570024,35.15,-90.04,83,01/01/93,12/31/06
100812,471570100,Near Road Site At Southwest Tennessee Community...,US,TN,471570100,35.16,-89.87,87,07/01/14,06/30/18
36860,471572005,"12560 Coburn Road, Eads, Tn",US,TN,471572005,35.19,-89.64,169,05/01/05,04/30/06
24960,471630007,Eastman Ross N.Robinson,US,TN,471630007,36.53,-82.52,403,01/01/93,04/30/16
12889,471650007,Hendersonville Ozone Site At Old Hickory Dam,US,TN,471650007,36.3,-86.65,143,04/01/93,08/24/94
24965,471651005,Open Area Ne Of Visitor Parking Lot And Adjacen...,US,TN,471651005,36.38,-86.42,1837,01/19/98,02/28/99
26271,471870103,Lane'S Farm,US,TN,471870103,35.93,-87.16,280,04/01/93,09/30/95
42144,480271047,Killeen Skylark Field,US,TX,480271047,31.09,-97.68,256,04/03/18,07/31/18
26273,480290032,San Antonio Northwest,US,TX,480290032,29.52,-98.62,280,10/17/12,07/31/18
36969,480290046,San Antonio Downtown  Cams 27,US,TX,480290046,29.43,-98.49,201,10/17/96,10/06/10
12932,480290052,Camp Bullis,US,TX,480290052,29.63,-98.56,311,08/12/98,10/17/12
23548,480290055,Cps Pecan Valley,US,TX,480290055,29.41,-98.43,189,01/01/08,06/30/10
23549,480290059,Calaveras Lake,US,TX,480290059,29.28,-98.31,151,05/18/98,07/31/18
41939,480290622,7145 Gardner Roas,US,TX,480290622,29.35,-98.33,165,01/01/08,06/30/10
98361,480291069,San Antonio Interstate 35,US,TX,480291069,29.53,-98.39,284,01/08/14,07/31/18
36985,480391004,Manvel Croix Park,US,TX,480391004,29.52,-95.39,19,09/01/01,06/30/18
36986,480391016,Lake Jackson,US,TX,480391016,29.04,-95.47,0,06/12/03,06/30/18
12085,480430101,Big Bend Np - K-Bar Ranch Road,US,TX,480430101,29.3,-103.18,1057,07/01/99,10/31/99
26275,481130045,Sw Of Bonnard & Wozencraft Intersection,US,TX,481130045,32.92,-96.81,195,01/01/93,11/03/98
26276,481130055,10501 Bonnie View,US,TX,481130055,32.62,-96.76,132,02/22/93,07/13/94
725,481130069,Dallas Hinton,US,TX,481130069,32.82,-96.86,127,01/01/93,05/12/94
725,481130069,Dallas Hinton (#2),US,TX,481130069,32.82,-96.86,127,04/05/95,06/30/18
37064,481130075,Dallas North #2,US,TX,481130075,32.92,-96.81,191,11/04/98,06/30/18
734,481130087,Dallas Redbird Airport Executive,US,TX,481130087,32.68,-96.87,206,04/01/95,06/30/18
100830,481131067,Dallas Lbj Freeway,US,TX,481131067,32.92,-96.75,177,04/02/14,06/30/18
26277,481210033,Denton Municipal Airport On Airport Road,US,TX,481210033,33.21,-97.2,0,08/01/96,11/24/97
23552,481210034,Denton Airport South,US,TX,481210034,33.22,-97.2,183,03/22/98,06/30/18
12196,481390015,North Of Tower Rd. & Waterworks Rd. Intersection,US,TX,481390015,32.44,-97.03,0,07/17/96,09/30/96
12196,481390015,North Of Tower Rd. & Waterworks Rd. Intersectio...,US,TX,481390015,32.44,-97.03,0,10/18/00,08/22/07
24984,481390016,Midlothian Ofw,US,TX,481390016,32.48,-97.03,195,03/21/03,06/30/18
23555,481390017,West Of Ward & Wyatt Rd. Intersection,US,TX,481390017,32.47,-97.04,0,10/22/04,03/31/06
41578,481391044,Italy,US,TX,481391044,32.18,-96.87,165,09/09/07,06/30/18
26280,481410028,Nw Of Border Hwy In Ascarate Park,US,TX,481410028,31.75,-106.4,1126,06/01/96,09/01/99
12762,481410037,El Paso Utep,US,TX,481410037,31.77,-106.5,1158,01/01/93,06/30/18
12768,481410044,El Paso Chamizal,US,TX,481410044,31.77,-106.46,1122,12/01/97,06/06/18
24989,481410055,Ascarate Park Se,US,TX,481410055,31.75,-106.4,1122,09/24/99,06/29/18
12773,481410057,Socorro Hueco,US,TX,481410057,31.67,-106.29,1118,12/01/99,01/16/08
12782,481410058,Skyline Park,US,TX,481410058,31.89,-106.43,1201,07/11/00,01/08/08
12485,481670014,Galveston Island,US,TX,481670014,29.26,-94.86,0,10/22/96,03/20/07
41588,481671034,Galveston 99Th Street,US,TX,481671034,29.25,-94.86,5,03/20/07,06/30/18
12448,481830001,Longview,US,TX,481830001,32.38,-94.71,109,05/01/99,08/31/18
12463,482010024,Houston Aldine,US,TX,482010024,29.9,-95.33,24,01/01/93,06/30/18
12465,482010026,Channelview (#2),US,TX,482010026,29.8,-95.13,12,08/01/01,06/30/18
24994,482010029,Northwest Harris County,US,TX,482010029,30.04,-95.67,51,01/01/12,06/30/18
24996,482010047,Lang,US,TX,482010047,29.83,-95.49,24,01/01/12,09/30/18
927,482010055,Houston Bayland Park,US,TX,482010055,29.7,-95.5,20,03/30/98,06/30/18
16852,482010075,Houston Texas Avenue,US,TX,482010075,29.75,-95.35,12,04/01/01,12/31/14
37210,482010416,Park Place,US,TX,482010416,29.69,-95.29,10,02/22/06,09/30/18
37217,482011015,Lynchburg Ferry,US,TX,482011015,29.76,-95.08,2,04/25/03,06/30/18
12488,482011034,Houston East,US,TX,482011034,29.77,-95.22,9,01/01/93,06/30/18
12090,482011035,Clinton,US,TX,482011035,29.73,-95.26,13,01/01/93,09/30/18
929,482011037,South Of Crawford & Polk Intersection,US,TX,482011037,29.75,-95.36,16,01/01/93,03/27/01
930,482011039,Houston Deer Park #2,US,TX,482011039,29.67,-95.13,6,01/01/97,06/30/18
37227,482011041,East Of Battleground Rd. & Marker Dr. Intersection,US,TX,482011041,29.75,-95.08,0,08/01/02,04/15/03
23557,482011050,Seabrook Friendship Park,US,TX,482011050,29.58,-95.02,0,08/01/01,06/30/18
100840,482011052,Houston North Loop,US,TX,482011052,29.81,-95.39,14,04/15/15,06/30/18
98363,482011066,Houston Southwest Freeway,US,TX,482011066,29.72,-95.49,13,01/22/14,06/30/18
931,482030002,Karnack,US,TX,482030002,32.67,-94.17,72,09/05/01,08/31/18
37247,482090614,Dripping Springs School,US,TX,482090614,30.21,-98.08,354,04/01/03,10/31/11
37257,482311006,Greenville,US,TX,482311006,33.15,-96.12,161,03/21/03,06/30/18
25001,482450009,Beaumont Downtown,US,TX,482450009,30.04,-94.07,10,01/01/12,06/30/18
37271,482450018,Jefferson County Airport (#4),US,TX,482450018,29.94,-94,4,08/01/05,08/23/06
12537,482450022,Hamshire,US,TX,482450022,29.86,-94.32,5,02/16/00,06/30/18
37281,482451035,Nederland High School,US,TX,482451035,29.98,-94.01,11,08/30/06,06/30/18
12562,482570005,Kaufman,US,TX,482570005,32.56,-96.32,128,10/02/00,06/30/18
41614,483091037,Waco Mazanec,US,TX,483091037,31.65,-97.07,143,04/20/07,07/11/17
12594,483150050,Cypress River Airport Site Spm Cams 50,US,TX,483150050,32.74,-94.3,0,05/01/98,03/22/01
12600,483390078,Conroe Relocated,US,TX,483390078,30.35,-95.43,77,11/06/01,06/30/18
12603,483390089,Conroe Airport; Se Of Oaktree & Airport Rd Inte...,US,TX,483390089,30.35,-95.42,0,10/05/99,09/25/01
42055,483491051,Corsicana Airport,US,TX,483491051,32.03,-96.4,128,06/17/09,06/30/18
12225,483611001,West Orange,US,TX,483611001,30.09,-93.76,3,01/01/93,06/30/18
37360,483670081,Parker County,US,TX,483670081,32.87,-97.91,347,04/10/10,03/30/12
26291,484230004,At Tyler Airport,US,TX,484230004,32.36,-95.41,0,06/04/99,05/17/00
37373,484230007,Tyler Airport Relocated,US,TX,484230007,32.34,-95.42,165,05/26/00,08/31/18
37398,484390057,North Of Lexington & East Arkansas Intersection,US,TX,484390057,32.71,-97.09,0,02/19/98,07/11/01
37406,484390075,Eagle Mountain Lake,US,TX,484390075,32.99,-97.48,241,04/10/10,03/30/12
12303,484391002,Fort Worth Northwest,US,TX,484391002,32.81,-97.36,203,01/04/93,06/30/18
12309,484391003,Ne Of N. Pecan St. & E. Weatherford St. Interse...,US,TX,484391003,32.76,-97.33,186,05/03/95,07/12/96
98798,484391053,Fort Worth California Parkway North,US,TX,484391053,32.66,-97.34,215,03/12/15,06/30/18
26292,484392003,Keller,US,TX,484392003,32.92,-97.28,254,04/10/10,03/30/12
23561,484393009,Grapevine Fairway,US,TX,484393009,32.98,-97.06,165,09/12/00,06/30/18
23562,484393011,Arlington Municipal Airport,US,TX,484393011,32.66,-97.09,183,01/17/02,06/30/18
39340,484530014,Austin Northwest (#2),US,TX,484530014,30.35,-97.76,232,03/29/12,07/31/18
37428,484530017,Nw Of Colorado & W. Cesar Chavez Streets Inters...,US,TX,484530017,30.26,-97.75,0,01/01/93,12/31/96
12343,484530020,Austin Audubon Society,US,TX,484530020,30.48,-97.87,327,06/01/97,03/31/12
37431,484530613,Pfligerville Wastewater,US,TX,484530613,30.42,-97.6,195,04/01/03,10/31/06
100739,484531068,Austin North Interstate 35,US,TX,484531068,30.35,-97.69,205,04/16/14,07/31/18
894,490030003,Brigham City,US,UT,490030003,41.49,-112.02,1334,01/26/18,10/31/18
25649,490037001,Washakie,US,UT,490037001,41.95,-112.23,1369,09/01/18,10/31/18
908,490050004,Logan #4,US,UT,490050004,41.73,-111.84,1380,11/01/02,12/31/15
908,490050004,Logan #4 (#2),US,UT,490050004,41.73,-111.84,1380,12/09/04,10/27/05
98799,490050007,675 West 220 North,US,UT,490050007,41.84,-111.85,1,09/15/15,09/30/18
98155,490071003,"On Prperty Of Resident At 351 W 2500 E.  Price,...",US,UT,490071003,39.61,-110.8,1722,04/01/11,10/12/18
912,490110001,Utm Coordinates = Probe Location On Roof Of Tra...,US,UT,490110001,40.89,-111.88,1335,01/01/93,06/25/03
23222,490110004,Bountiful Viewmont,US,UT,490110004,40.9,-111.88,1309,07/21/03,10/31/18
98157,490130002,290 S. 1000 W.,US,UT,490130002,40.29,-110.01,1596,06/05/12,10/31/18
98158,490131001,1/4 Mile South Of Us 40 Off 4500 Wesst Fruitlan...,US,UT,490131001,40.21,-110.84,1558,04/01/11,12/31/13
25016,490137011,Station Located Near Intersection Of 6000 So & ...,US,UT,490137011,40.22,-110.18,1606,01/01/11,06/30/18
101439,490210005,3840 North 325 East,US,UT,490210005,37.75,-113.06,1692,04/30/18,11/01/18
644,490350003,Cottonwood,US,UT,490350003,40.65,-111.85,1335,06/20/95,09/30/11
101426,490352005,8449 S. Monroe St.,US,UT,490352005,40.6,-111.89,1,04/18/18,10/31/18
677,490353006,Hawthorne,US,UT,490353006,40.74,-111.87,1306,01/01/97,10/31/18
41636,490353010,Rose Park,US,UT,490353010,40.78,-111.93,1286,01/01/18,11/01/18
100741,490353013,14058 Mirabella Dr.,US,UT,490353013,40.5,-112.04,1,02/01/15,10/31/18
100756,490450004,2163 W. Erda Way,US,UT,490450004,40.6,-112.35,1,11/01/15,10/31/18
98162,490471003,Vernal,US,UT,490471003,40.45,-109.51,1,02/09/12,12/18/14
100757,490471004,628 North 1700 West,US,UT,490471004,40.46,-109.56,1,10/13/15,10/31/18
42058,490472002,2 Miles West Of Redwash Atop Deadman'S Bench,US,UT,490472002,40.21,-109.35,1702,07/30/09,06/30/18
42059,490472003,2 Miles South Of Ouray And South Of The White A...,US,UT,490472003,40.06,-109.69,1467,07/30/09,06/30/18
98163,490475632,"Accessed From Dragon Road/145-S, Uintah Co, Ut",US,UT,490475632,39.87,-109.1,1879,01/24/12,06/30/13
25022,490477022,Station Near Intersection Of Whiterock Canyon R...,US,UT,490477022,40.48,-109.91,1893,01/01/11,06/30/18
703,490490002,North Provo,US,UT,490490002,40.25,-111.66,1402,01/01/93,12/29/17
1066,490494001,Lindon (#2),US,UT,490494001,40.34,-111.71,1442,01/19/18,11/01/18
1072,490495010,Spanish Fork,US,UT,490495010,40.14,-111.66,1380,01/10/18,11/01/18
41943,490530006,"1215 North Lava Flow Drive, Santa Clara, Utah",US,UT,490530006,37.13,-113.64,846,07/09/08,08/06/12
98164,490530007,"147 N 870 W, Hurrricane, Utah",US,UT,490530007,37.18,-113.31,846,08/03/12,10/31/18
1079,490570001,Utm Coordinates = Inlet Probe On Roof Of Buildi...,US,UT,490570001,41.22,-111.97,1314,01/01/93,01/26/00
1080,490570002,Ogden,US,UT,490570002,41.21,-111.98,1316,07/17/01,09/30/18
687,490571003,Harrisville,US,UT,490571003,41.3,-111.99,1331,03/06/18,10/31/18
25027,500070003,Adj. To 82 S. Winooski Avenue,US,VT,500070003,44.48,-73.21,64,01/01/93,06/30/00
37571,500070013,"Riverside Avenue, Burlington Vt",US,VT,500070013,44.49,-73.21,74,09/01/01,11/07/02
23568,500070014,City Of Burlington Parking Lot,US,VT,500070014,44.48,-73.21,63,01/24/03,06/30/18
12214,500210002,State Of Vermont District Court Parking Lot,US,VT,500210002,43.61,-72.98,165,01/01/93,06/30/18
852,510130020,Aurora Hills Visitors Center,US,VA,510130020,38.86,-77.06,16,01/01/93,06/30/18
26303,510330001,"Usgs Geomagnetic Center, Corbin",US,VA,510330001,38.2,-77.38,68,06/01/93,08/31/12
1233,510360002,Shirley Plantation,US,VA,510360002,37.34,-77.26,6,03/09/93,06/30/18
100902,510590031,Springfield Near Road Site,US,VA,510590031,38.77,-77.18,74,04/05/16,06/30/18
1273,510591004,6100 Arlington Blvd Montg Ward (#3),US,VA,510591004,38.87,-77.14,110,01/01/93,03/31/01
23201,510591005,6507 Columbia Pike,US,VA,510591005,38.84,-77.16,116,05/02/02,04/30/09
963,510595001,Lewinsville 1437 Balls Hill Rd,US,VA,510595001,38.93,-77.2,105,01/01/93,04/30/09
1035,510870014,Mathscience Innovation Center,US,VA,510870014,37.56,-77.4,59,06/01/08,06/30/18
1056,511071005,"Broad Run High School, Ashburn",US,VA,511071005,39.02,-77.49,88,04/04/98,06/30/18
26312,511530009,James S. Long Park,US,VA,511530009,38.85,-77.63,117,04/01/94,06/30/18
26313,511611004,East Vinton Elementary School,US,VA,511611004,37.28,-79.88,340,01/01/93,06/30/18
25043,511650002,Pm10 Monitor On Ground On West Side Of Building...,US,VA,511650002,38.39,-78.91,367,01/09/03,03/31/03
37749,511650003,Rockingham Co. Vdot,US,VA,511650003,38.48,-78.82,390,04/13/04,06/30/18
26317,515100009,Alexandria Health Dept. (#3),US,VA,515100009,38.81,-77.04,9,01/01/93,08/21/12
98261,515100021,City Of Alexandria Transportation And Env. Serv...,US,VA,515100021,38.81,-77.09,61,08/23/12,04/30/16
60089,516500008,Nasa Langley Research Center,US,VA,516500008,37.1,-76.39,2,04/08/10,06/30/18
977,517000013,On Newport News School Maintenance Facility,US,VA,517000013,37.1,-76.48,11,12/08/09,04/07/10
37859,517100023,Norfolk State University,US,VA,517100023,36.85,-76.26,15,01/01/93,01/12/05
984,517100024,Noaa,US,VA,517100024,36.86,-76.3,2,01/23/07,06/30/18
37889,517600021,State Parking Lot 29 Broad Street Road,US,VA,517600021,37.56,-77.47,58,01/01/93,11/21/97
37892,517600024,Science Museum Of Virginia,US,VA,517600024,37.56,-77.47,60,02/13/98,12/31/12
98366,517600025,Bryan Park,US,VA,517600025,37.59,-77.47,55,10/01/13,06/30/18
26321,530110011,Vancouver - Blairmont Dr,US,WA,530110011,45.62,-122.52,5,09/01/96,10/31/98
37975,530150013,2800 Dike Road In Woodland Washington,US,WA,530150013,45.89,-122.79,0,07/25/97,11/04/98
37976,530150014,549 S. Silver Lake Rd In Castlerock - Cowlitz_C...,US,WA,530150014,46.28,-122.86,0,04/11/97,10/31/98
101418,530251003,Quincy-3Rd Ave Ne,US,WA,530251003,47.24,-119.85,397,08/09/17,07/31/18
25071,530330020,2501 S 150Th Seatac N - Between 24Th And 26Th A...,US,WA,530330020,47.47,-122.3,0,04/08/98,06/03/99
25072,530330022,2401 S 192Nd Seatac (Tyee Valley Golf Course),US,WA,530330022,47.43,-122.31,60,06/23/98,06/08/99
23574,530330023,Enumclaw - Mud Mtn (Army Corp Of Engineers Site),US,WA,530330023,47.14,-121.94,402,08/28/03,10/14/03
98784,530330030,Seattle-10Th & Weller,US,WA,530330030,47.6,-122.32,15,04/01/14,07/31/18
809,530330032,Wsdot Facility 6431 Corson Ave S (Georgetown) S...,US,WA,530330032,47.55,-122.32,30,02/01/00,08/15/02
802,530330080,Seattle - Beacon Hill,US,WA,530330080,47.57,-122.31,105,02/06/95,07/31/18
38053,530337002,At The Fire Station,US,WA,530337002,47.21,-122.06,0,08/07/96,10/31/97
100901,530530024,1802 S 36Th St,US,WA,530530024,47.23,-122.46,108,01/01/16,07/31/18
38114,530570018,Casino Drive/North End Site,US,WA,530570018,48.46,-122.52,2,04/01/03,05/19/18
60048,530570020,"Northwest Indian College, 17113 Tallawhalt Lane",US,WA,530570020,48.4,-122.5,44,07/01/09,12/31/12
1221,540110006,Henderson Center/Marshall University - Moved Fr...,US,WV,540110006,38.42,-82.43,169,01/01/93,10/28/93
26330,540250001,Unknown,US,WV,540250001,37.82,-80.51,829,01/01/93,12/31/97
16431,540291004,Weirton - Oak St And Owings St (Between Dead Ends),US,WV,540291004,40.42,-80.58,360,01/01/93,09/30/98
26331,540390004,Wvapcc Ofc Bldg 1558 Washington St East,US,WV,540390004,38.34,-81.62,184,01/01/93,12/31/98
38281,540990003,Spring Brook Drive,US,WV,540990003,38.39,-82.59,256,01/01/99,12/31/05
16547,541071002,Neale Elementary School,US,WV,541071002,39.32,-81.55,197,01/01/93,10/26/93
25110,550410007,Potawatomi,US,WI,550410007,45.57,-88.81,559,06/28/10,10/14/15
2666,550710007,Manitowoc - Wdlnd Dunes,US,WI,550710007,44.14,-87.62,182,04/28/95,06/30/18
38602,550790007,Lat/Lon Point = Ne Corner Of Trailer,US,WI,550790007,43.05,-87.92,196,03/14/96,02/28/01
2696,550790026,Milwaukee - Ser Dnr Hdqrs,US,WI,550790026,43.06,-87.91,208,06/24/99,06/30/18
26344,550790041,Milwaukee Uwm-North,US,WI,550790041,43.08,-87.88,206,01/01/93,01/17/02
98372,550790056,Milwaukee - College Ave. Nr,US,WI,550790056,42.93,-87.93,228,01/01/14,06/30/18
38645,550790080,"Uwm - Civic Center, 600 W. Kilbourn Ave.",US,WI,550790080,43.04,-87.92,181,01/01/93,08/15/95
23579,550890009,Harrington Beach Park,US,WI,550890009,43.5,-87.81,211,06/09/94,08/31/05
23580,551110007,Devils Lake Park,US,WI,551110007,43.44,-89.68,392,07/02/96,05/12/04
101455,560010010,Laramie Mobile,US,WY,560010010,41.3,-105.59,2185,04/05/17,04/04/18
100863,560030003,Lovell Mobile,US,WY,560030003,44.84,-108.39,1168,07/10/14,08/25/15
98271,560050011,Hilight-Reno Junction Gas Plant,US,WY,560050011,43.84,-105.36,1468,04/01/12,12/31/15
38915,560050123,Thunder Basin,US,WY,560050123,44.65,-105.29,1196,05/01/01,06/30/18
25120,560050456,Campbell County,US,WY,560050456,44.15,-105.53,1408,07/15/03,05/14/18
38916,560050789,Tracy Ranch,US,WY,560050789,43.63,-105.2,1560,01/01/04,09/30/04
98186,560050800,Gillette Mobile,US,WY,560050800,44.27,-105.5,1382,10/05/11,12/11/12
2886,560050892,Belle Ayr Ba-4,US,WY,560050892,44.1,-105.34,1366,01/01/03,06/30/18
101047,560070009,Sinclair North East (Ambient),US,WY,560070009,41.79,-107.08,1996,12/18/15,06/30/18
41989,560070099,Atlantic Rim Meteorological Station,US,WY,560070099,41.4,-107.62,2219,10/01/07,02/24/09
60051,560070100,Atlantic Rim Sun Dog,US,WY,560070100,41.39,-107.62,2060,10/23/09,06/30/18
98190,560070852,Sinclair So2 Station,US,WY,560070852,41.79,-107.1,1994,10/01/13,12/17/15
98376,560071000,Sinclair-Mobile #2,US,WY,560071000,41.78,-107.12,2015,12/11/13,02/17/16
98378,560090008,Tallgrass Energy Partners - Gaseous,US,WY,560090008,42.8,-105.36,1529,08/06/13,12/31/16
100747,560090009,Antelope Site 7,US,WY,560090009,43.43,-105.39,1492,02/18/15,06/30/18
100748,560090010,Converse County Long-Term,US,WY,560090010,43.1,-105.5,1650,04/14/15,09/30/18
98277,560090801,Converse County - Mobile #2,US,WY,560090801,42.77,-105.3,5091,12/17/12,07/07/15
8119,560090819,Antelope Site 3,US,WY,560090819,43.43,-105.39,0,01/01/03,11/14/11
41862,560130099,South Pass,US,WY,560130099,42.53,-108.72,2526,03/12/07,06/30/18
77329,560130232,Spring Creek,US,WY,560130232,43.08,-107.55,1372,01/01/10,06/30/18
98192,560130234,Beaver Creek Air Quality Station,US,WY,560130234,42.85,-108.31,1607,02/01/12,12/31/12
77330,560130900,Pavillion,US,WY,560130900,43.26,-108.58,1634,01/31/11,03/31/12
38982,560136001,W1-Sand Draw-01,US,WY,560136001,42.99,-108.37,1251,01/27/14,06/30/15
100869,560150005,Torrington Mobile,US,WY,560150005,42.06,-104.17,1217,12/21/15,12/19/16
101449,560190004,Johnson County,US,WY,560190004,43.87,-106.51,1433,05/18/18,06/30/18
100886,560210002,Cheyenne Mobile,US,WY,560210002,41.13,-104.75,1830,03/29/16,04/04/17
77333,560210100,Cheyenne Ncore (#2),US,WY,560210100,41.18,-104.78,15,01/01/11,06/30/18
101037,560250005,Casper Mobile,US,WY,560250005,42.85,-106.28,1589,12/01/16,01/25/18
98278,560250100,Casper Gaseous,US,WY,560250100,42.82,-106.37,1591,03/01/13,06/28/18
98194,560252601,"Sinclair, Casper",US,WY,560252601,42.86,-106.24,1559,07/01/11,06/30/18
101470,560330006,Sheridan Mobile,US,WY,560330006,44.8,-106.96,1155,08/31/17,06/30/18
98196,560350097,Wyoming Range,US,WY,560350097,42.98,-110.35,2475,01/01/11,10/31/13
39013,560350098,Jonah,US,WY,560350098,42.44,-109.7,2176,11/05/04,04/23/08
39014,560350099,Boulder,US,WY,560350099,42.72,-109.75,2159,02/01/05,06/30/18
39015,560350100,Daniel South,US,WY,560350100,42.79,-110.06,2375,07/01/05,06/30/18
42043,560350101,Pinedale Gaseous,US,WY,560350101,42.87,-109.87,2191,01/01/09,06/30/18
98197,560350700,Big Piney Site #3,US,WY,560350700,42.49,-110.1,2076,04/01/11,09/30/18
60090,560351002,Juel Spring,US,WY,560351002,42.37,-109.56,2145,01/01/10,09/30/18
98379,560370100,Rock Springs - Mobile #1,US,WY,560370100,41.58,-109.21,1950,03/02/13,03/31/14
39031,560370200,Wamsutter,US,WY,560370200,41.68,-108.02,2044,03/07/06,06/30/18
77337,560370300,Moxa Arch,US,WY,560370300,41.75,-109.79,1966,05/28/10,06/30/18
98200,560370870,Tata Gaseous,US,WY,560370870,41.59,-109.76,1912,08/26/11,12/31/12
41866,560410101,Murphy Ridge,US,WY,560410101,41.37,-111.04,2167,01/01/07,06/30/18
100754,560450004,Newcastle Mobile,US,WY,560450004,43.85,-104.2,1315,07/10/15,10/26/16
101032,720250007,Luis A. Ferre Highway,US,PR,720250007,18.2,-66.05,8,12/19/16,09/05/17
39099,720330006,"Eqb #49(Ozone And No2) Zarzuelo Street,Mansione...",US,PR,720330006,18.43,-66.16,0,10/24/97,10/10/02
39100,720330008,Pr 165,US,PR,720330008,18.44,-66.13,5,10/21/04,05/14/14
100764,720610006,De Diego Highway,US,PR,720610006,18.42,-66.12,8,04/21/15,06/26/17
39136,721230001,Road No. 3,US,PR,721230001,17.96,-66.25,0,07/27/06,03/31/08
39141,721270009,Cemmercial Zone With Heavy Traffic Flow.,US,PR,721270009,18.42,-66.09,0,06/09/98,12/31/05
60052,800020001,Cross Streets Cal Del Tecnologico & Chapultepec,,,800020001,32.53,-116.99,132,04/01/08,12/31/11
60052,800020001,Cross Streets Cal Del Tecnologico & Chapultepec...,,,800020001,32.53,-116.99,132,01/01/08,03/31/08
60054,800020003,On State School #44,,,800020003,32.5,-116.98,30,01/01/08,04/03/12
60055,800020004,East End Of Pedro Moreno School In Rosarito,,,800020004,32.34,-117.06,10,01/01/08,08/31/11
60056,800020005,Trailer On Campus Of Industrial Tech High School,,,800020005,32.5,-117.12,132,01/01/08,03/12/11
60061,800020010,"At The Instituto Tecnologico De Mexicali, Mexic...",,,800020010,32.62,-115.39,0,01/01/08,10/31/10
60063,800020012,"At Uabc, Corner Of Calzada Benito Juarez & Aven...",,,800020012,32.63,-115.45,1,01/01/08,03/31/11
60065,800020014,"Cobach, Calle Guadalajara Just South Of Avenida...",,,800020014,32.63,-115.5,0,01/01/08,11/30/11
60068,800020017,"Corner Of Paseo Morelos S/N & Calle Rio Lerma, ...",,,800020017,32.58,-116.62,572,01/01/08,12/31/12
60069,800020018,"At Uabc, Corner Of Calzada Benito Juarez & Aven...",,,800020018,32.57,-115.45,1,01/01/08,02/28/11
